Time,B2,B3,B4,B5,C2,C3,C4,C5,D2,D3,D4,D5,E2,E3,E4,E5,B2,B3,B4,B5,C2,C3,C4,C5,D2,D3,D4,D5,E2,E3,E4,E5
0:09:10,0.318,0.305,0.292,0.24,0.333,0.361,0.309,0.246,0.362,0.35,0.257,0.237,0.319,0.337,0.328,0.289,0.188,0.206,0.201,0.178,0.229,0.245,0.228,0.19,0.119,0.118,0.119,0.121,0.257,0.242,0.243,0.243
0:19:10,0.323,0.308,0.285,0.242,0.333,0.366,0.316,0.258,0.395,0.365,0.274,0.236,0.346,0.336,0.332,0.323,0.195,0.217,0.211,0.187,0.241,0.253,0.239,0.196,0.139,0.123,0.142,0.131,0.268,0.255,0.256,0.257
0:29:10,0.353,0.325,0.308,0.261,0.351,0.387,0.324,0.265,0.407,0.369,0.281,0.255,0.371,0.349,0.34,0.355,0.202,0.225,0.22,0.194,0.253,0.265,0.243,0.197,0.159,0.133,0.15,0.126,0.286,0.263,0.265,0.263
0:39:10,0.356,0.391,0.327,0.308,0.415,0.446,0.344,0.283,0.478,0.443,0.281,0.264,0.378,0.359,0.349,0.394,0.228,0.228,0.23,0.201,0.261,0.277,0.254,0.208,0.15,0.144,0.155,0.128,0.297,0.278,0.271,0.269
0:49:10,0.367,0.401,0.333,0.343,0.409,0.476,0.413,0.298,0.478,0.44,0.308,0.275,0.38,0.368,0.359,0.395,0.24,0.243,0.234,0.214,0.267,0.284,0.264,0.21,0.149,0.148,0.134,0.132,0.31,0.273,0.283,0.283
0:59:10,0.344,0.411,0.355,0.37,0.395,0.474,0.377,0.301,0.479,0.416,0.363,0.354,0.393,0.348,0.366,0.369,0.27,0.279,0.241,0.215,0.283,0.321,0.273,0.218,0.161,0.153,0.131,0.138,0.311,0.286,0.293,0.284
1:09:10,0.347,0.411,0.387,0.348,0.394,0.478,0.411,0.327,0.437,0.456,0.373,0.355,0.425,0.388,0.375,0.434,0.264,0.297,0.251,0.219,0.313,0.362,0.288,0.234,0.18,0.159,0.139,0.144,0.315,0.288,0.3,0.291
1:19:10,0.349,0.411,0.399,0.361,0.459,0.517,0.459,0.384,0.442,0.464,0.383,0.301,0.411,0.379,0.384,0.407,0.264,0.317,0.291,0.226,0.357,0.37,0.3,0.242,0.178,0.17,0.194,0.15,0.316,0.302,0.31,0.304
1:29:10,0.354,0.388,0.344,0.373,0.469,0.527,0.448,0.392,0.457,0.474,0.391,0.337,0.422,0.414,0.4,0.438,0.277,0.331,0.304,0.231,0.373,0.385,0.313,0.255,0.169,0.174,0.184,0.157,0.335,0.31,0.328,0.308
1:39:10,0.378,0.408,0.353,0.357,0.461,0.557,0.489,0.407,0.478,0.47,0.403,0.335,0.412,0.429,0.454,0.443,0.271,0.314,0.322,0.246,0.392,0.381,0.345,0.264,0.188,0.171,0.189,0.163,0.337,0.313,0.332,0.316
1:49:10,0.398,0.395,0.366,0.342,0.486,0.587,0.505,0.428,0.484,0.493,0.411,0.365,0.405,0.44,0.47,0.457,0.289,0.339,0.323,0.264,0.389,0.409,0.359,0.297,0.175,0.174,0.202,0.167,0.349,0.322,0.337,0.336
1:59:10,0.469,0.387,0.36,0.354,0.509,0.616,0.542,0.438,0.504,0.509,0.421,0.385,0.45,0.47,0.496,0.469,0.293,0.344,0.33,0.286,0.407,0.4,0.374,0.307,0.172,0.169,0.234,0.172,0.355,0.335,0.355,0.344
2:09:10,0.418,0.421,0.395,0.419,0.533,0.662,0.561,0.474,0.521,0.524,0.428,0.399,0.455,0.475,0.502,0.47,0.3,0.35,0.343,0.262,0.413,0.411,0.385,0.337,0.215,0.171,0.238,0.178,0.368,0.349,0.37,0.355
2:19:10,0.485,0.426,0.436,0.383,0.58,0.703,0.597,0.513,0.543,0.556,0.452,0.412,0.46,0.486,0.51,0.48,0.306,0.372,0.356,0.266,0.429,0.418,0.389,0.336,0.214,0.18,0.247,0.183,0.384,0.362,0.384,0.368
2:29:10,0.474,0.521,0.485,0.419,0.619,0.741,0.618,0.505,0.564,0.573,0.464,0.426,0.481,0.491,0.517,0.485,0.346,0.377,0.36,0.276,0.422,0.435,0.398,0.349,0.235,0.188,0.238,0.186,0.396,0.371,0.393,0.38
2:39:10,0.508,0.529,0.447,0.459,0.662,0.789,0.676,0.553,0.586,0.595,0.482,0.431,0.505,0.506,0.523,0.485,0.333,0.396,0.388,0.288,0.446,0.452,0.394,0.357,0.216,0.211,0.242,0.19,0.41,0.387,0.406,0.391
2:49:10,0.506,0.557,0.507,0.468,0.709,0.837,0.726,0.594,0.611,0.617,0.497,0.447,0.482,0.508,0.533,0.497,0.33,0.398,0.401,0.358,0.455,0.463,0.412,0.362,0.201,0.233,0.204,0.194,0.423,0.399,0.421,0.406
2:59:10,0.531,0.564,0.547,0.49,0.755,0.885,0.775,0.636,0.638,0.642,0.516,0.465,0.499,0.529,0.54,0.496,0.352,0.421,0.411,0.306,0.448,0.467,0.416,0.374,0.244,0.204,0.244,0.198,0.437,0.412,0.436,0.42
3:09:10,0.558,0.609,0.515,0.511,0.806,0.936,0.831,0.686,0.665,0.671,0.541,0.494,0.51,0.528,0.557,0.514,0.371,0.438,0.416,0.319,0.456,0.456,0.428,0.386,0.244,0.226,0.267,0.209,0.449,0.424,0.45,0.434
3:19:10,0.587,0.634,0.559,0.536,0.854,0.989,0.889,0.736,0.694,0.701,0.565,0.522,0.531,0.54,0.567,0.518,0.375,0.449,0.404,0.387,0.454,0.466,0.429,0.366,0.235,0.227,0.267,0.206,0.466,0.44,0.465,0.446
3:29:10,0.615,0.659,0.592,0.556,0.906,1.038,0.937,0.785,0.726,0.726,0.589,0.544,0.541,0.565,0.576,0.53,0.39,0.46,0.421,0.375,0.462,0.485,0.441,0.392,0.213,0.232,0.257,0.253,0.485,0.452,0.48,0.46
3:39:10,0.642,0.686,0.615,0.576,0.958,1.083,0.988,0.833,0.753,0.751,0.61,0.564,0.544,0.554,0.587,0.528,0.408,0.472,0.435,0.408,0.461,0.468,0.432,0.373,0.21,0.234,0.246,0.24,0.495,0.464,0.494,0.474
3:49:10,0.67,0.712,0.64,0.598,1.005,1.132,1.035,0.882,0.784,0.778,0.633,0.586,0.545,0.564,0.58,0.545,0.412,0.483,0.467,0.355,0.459,0.483,0.452,0.37,0.215,0.231,0.233,0.269,0.507,0.478,0.509,0.488
3:59:10,0.7,0.739,0.667,0.619,1.054,1.179,1.086,0.931,0.814,0.805,0.657,0.608,0.556,0.577,0.597,0.542,0.439,0.498,0.491,0.388,0.475,0.496,0.443,0.374,0.243,0.229,0.223,0.292,0.521,0.492,0.522,0.503
4:09:10,0.733,0.769,0.697,0.644,1.104,1.226,1.133,0.982,0.844,0.832,0.682,0.634,0.559,0.588,0.591,0.546,0.442,0.508,0.501,0.411,0.478,0.519,0.435,0.374,0.222,0.235,0.218,0.304,0.537,0.505,0.537,0.515
4:19:10,0.767,0.8,0.726,0.67,1.152,1.273,1.183,1.033,0.877,0.863,0.707,0.657,0.568,0.597,0.569,0.545,0.452,0.516,0.493,0.423,0.473,0.526,0.462,0.382,0.269,0.26,0.214,0.292,0.55,0.517,0.551,0.529
4:29:10,0.801,0.829,0.757,0.697,1.2,1.317,1.231,1.081,0.908,0.891,0.734,0.683,0.59,0.62,0.589,0.558,0.461,0.515,0.504,0.398,0.488,0.527,0.476,0.408,0.272,0.251,0.212,0.313,0.565,0.531,0.565,0.542
4:39:10,0.837,0.861,0.789,0.725,1.246,1.363,1.278,1.129,0.939,0.922,0.76,0.71,0.601,0.614,0.585,0.564,0.484,0.5,0.513,0.407,0.487,0.532,0.471,0.403,0.285,0.267,0.212,0.314,0.581,0.544,0.578,0.554
4:49:10,0.87,0.892,0.821,0.754,1.293,1.409,1.326,1.178,0.971,0.954,0.79,0.738,0.607,0.622,0.644,0.578,0.489,0.548,0.528,0.417,0.49,0.523,0.476,0.425,0.287,0.258,0.213,0.318,0.595,0.558,0.591,0.568
4:59:10,0.906,0.93,0.855,0.784,1.339,1.453,1.372,1.227,1.003,0.983,0.818,0.765,0.619,0.648,0.679,0.597,0.51,0.561,0.517,0.426,0.481,0.537,0.454,0.405,0.297,0.269,0.214,0.32,0.608,0.57,0.607,0.581
5:09:10,0.943,0.962,0.888,0.817,1.385,1.493,1.416,1.275,1.032,1.014,0.847,0.794,0.631,0.658,0.643,0.606,0.513,0.57,0.527,0.436,0.518,0.543,0.48,0.411,0.296,0.272,0.216,0.322,0.622,0.583,0.619,0.593
5:19:10,0.979,0.995,0.922,0.847,1.429,1.533,1.458,1.321,1.063,1.043,0.877,0.82,0.629,0.671,0.638,0.556,0.527,0.574,0.521,0.447,0.515,0.541,0.473,0.413,0.301,0.26,0.217,0.318,0.635,0.596,0.632,0.606
5:29:10,1.014,1.03,0.958,0.88,1.47,1.568,1.499,1.365,1.092,1.072,0.907,0.851,0.643,0.668,0.688,0.575,0.536,0.578,0.521,0.456,0.488,0.551,0.457,0.4,0.301,0.261,0.219,0.321,0.647,0.609,0.645,0.619
5:39:10,1.05,1.063,0.992,0.914,1.511,1.603,1.538,1.411,1.123,1.102,0.937,0.88,0.668,0.677,0.73,0.602,0.548,0.591,0.533,0.466,0.518,0.55,0.475,0.45,0.299,0.275,0.221,0.328,0.66,0.621,0.658,0.633
5:49:10,1.087,1.097,1.026,0.946,1.55,1.636,1.573,1.452,1.151,1.13,0.967,0.907,0.681,0.712,0.751,0.661,0.558,0.602,0.545,0.476,0.527,0.556,0.493,0.424,0.303,0.267,0.223,0.331,0.674,0.634,0.672,0.643
5:59:10,1.121,1.131,1.061,0.979,1.584,1.665,1.609,1.492,1.179,1.161,0.997,0.938,0.697,0.692,0.768,0.668,0.568,0.613,0.557,0.484,0.541,0.562,0.494,0.424,0.303,0.271,0.225,0.333,0.687,0.645,0.683,0.655
6:09:10,1.158,1.163,1.095,1.011,1.617,1.692,1.641,1.531,1.205,1.185,1.026,0.965,0.712,0.729,0.782,0.648,0.576,0.624,0.567,0.493,0.522,0.564,0.503,0.427,0.299,0.285,0.226,0.336,0.699,0.658,0.696,0.667
6:19:10,1.194,1.196,1.132,1.045,1.647,1.717,1.672,1.567,1.232,1.213,1.057,0.997,0.728,0.692,0.806,0.689,0.585,0.635,0.579,0.502,0.532,0.568,0.504,0.417,0.311,0.269,0.227,0.337,0.711,0.669,0.709,0.679
6:29:10,1.23,1.231,1.167,1.078,1.676,1.74,1.7,1.602,1.254,1.24,1.09,1.024,0.745,0.736,0.784,0.719,0.595,0.645,0.589,0.511,0.537,0.57,0.505,0.422,0.308,0.273,0.229,0.337,0.723,0.681,0.721,0.691
6:39:10,1.265,1.266,1.204,1.115,1.704,1.763,1.726,1.634,1.276,1.264,1.119,1.055,0.764,0.783,0.784,0.74,0.602,0.654,0.598,0.518,0.534,0.573,0.501,0.449,0.309,0.272,0.231,0.337,0.736,0.692,0.731,0.702
6:49:10,1.302,1.299,1.237,1.149,1.728,1.782,1.75,1.663,1.299,1.283,1.147,1.084,0.776,0.774,0.802,0.724,0.609,0.665,0.608,0.526,0.546,0.575,0.529,0.469,0.304,0.274,0.232,0.338,0.747,0.704,0.743,0.713
6:59:10,1.337,1.332,1.27,1.184,1.751,1.801,1.774,1.691,1.318,1.307,1.179,1.112,0.798,0.808,0.826,0.743,0.62,0.676,0.619,0.534,0.547,0.578,0.51,0.46,0.309,0.295,0.233,0.342,0.756,0.715,0.756,0.724
7:09:10,1.372,1.365,1.304,1.219,1.772,1.819,1.795,1.717,1.337,1.327,1.205,1.141,0.818,0.816,0.85,0.791,0.627,0.684,0.628,0.542,0.553,0.581,0.504,0.458,0.305,0.276,0.234,0.345,0.767,0.727,0.766,0.735
7:19:10,1.405,1.398,1.339,1.254,1.792,1.836,1.815,1.742,1.357,1.346,1.235,1.171,0.835,0.854,0.876,0.818,0.634,0.694,0.637,0.549,0.568,0.583,0.536,0.441,0.314,0.299,0.236,0.339,0.777,0.735,0.778,0.744
7:29:10,1.438,1.431,1.373,1.288,1.809,1.853,1.835,1.766,1.374,1.369,1.261,1.198,0.852,0.846,0.899,0.835,0.641,0.702,0.646,0.556,0.556,0.585,0.526,0.461,0.306,0.28,0.237,0.347,0.79,0.747,0.787,0.754
7:39:10,1.468,1.461,1.404,1.321,1.827,1.867,1.854,1.789,1.392,1.389,1.286,1.223,0.874,0.899,0.926,0.862,0.649,0.711,0.654,0.564,0.549,0.588,0.538,0.465,0.317,0.294,0.238,0.34,0.799,0.755,0.8,0.765
7:49:10,1.495,1.49,1.433,1.355,1.843,1.881,1.87,1.808,1.407,1.405,1.309,1.25,0.894,0.916,0.949,0.883,0.658,0.718,0.663,0.571,0.566,0.59,0.538,0.469,0.319,0.298,0.239,0.349,0.809,0.767,0.809,0.774
7:59:10,1.52,1.515,1.465,1.386,1.857,1.893,1.886,1.828,1.424,1.422,1.332,1.277,0.916,0.935,0.976,0.901,0.664,0.729,0.673,0.578,0.573,0.591,0.542,0.478,0.313,0.284,0.24,0.343,0.821,0.776,0.82,0.785
8:09:10,1.542,1.539,1.492,1.417,1.871,1.904,1.9,1.844,1.44,1.439,1.356,1.302,0.939,0.963,1.004,0.932,0.671,0.735,0.681,0.585,0.561,0.593,0.544,0.472,0.317,0.302,0.241,0.352,0.83,0.786,0.83,0.794
8:19:10,1.561,1.56,1.514,1.445,1.883,1.916,1.914,1.861,1.455,1.455,1.375,1.325,0.962,0.978,1.03,0.954,0.678,0.745,0.689,0.592,0.541,0.597,0.521,0.479,0.321,0.307,0.242,0.353,0.839,0.794,0.839,0.804
8:29:10,1.576,1.577,1.535,1.469,1.895,1.926,1.927,1.874,1.471,1.471,1.394,1.346,0.985,1.005,1.057,0.975,0.686,0.752,0.695,0.598,0.551,0.598,0.516,0.485,0.32,0.305,0.243,0.346,0.848,0.803,0.851,0.813
8:39:10,1.59,1.593,1.553,1.49,1.904,1.935,1.938,1.888,1.486,1.487,1.414,1.37,1.009,1.027,1.085,0.996,0.692,0.76,0.704,0.605,0.565,0.6,0.517,0.483,0.324,0.3,0.244,0.344,0.858,0.812,0.858,0.822
8:49:10,1.602,1.606,1.567,1.508,1.914,1.944,1.949,1.901,1.5,1.502,1.432,1.389,1.035,1.051,1.112,1.021,0.698,0.766,0.711,0.61,0.577,0.601,0.526,0.486,0.326,0.296,0.245,0.344,0.867,0.82,0.867,0.831
8:59:10,1.611,1.616,1.579,1.524,1.922,1.951,1.958,1.912,1.513,1.516,1.452,1.408,1.059,1.08,1.139,1.046,0.706,0.773,0.719,0.617,0.585,0.602,0.53,0.478,0.324,0.295,0.246,0.343,0.874,0.829,0.876,0.839
9:09:10,1.622,1.625,1.589,1.538,1.93,1.959,1.968,1.923,1.526,1.53,1.467,1.426,1.083,1.105,1.167,1.073,0.713,0.781,0.725,0.623,0.59,0.604,0.536,0.49,0.321,0.294,0.247,0.343,0.883,0.836,0.885,0.847
9:19:10,1.629,1.634,1.599,1.549,1.938,1.966,1.976,1.933,1.541,1.544,1.482,1.441,1.107,1.131,1.191,1.1,0.718,0.785,0.731,0.629,0.593,0.606,0.54,0.49,0.321,0.296,0.247,0.344,0.891,0.845,0.892,0.854
9:29:10,1.638,1.643,1.609,1.557,1.946,1.972,1.983,1.941,1.554,1.556,1.499,1.46,1.132,1.155,1.219,1.127,0.726,0.794,0.738,0.635,0.595,0.608,0.543,0.493,0.32,0.295,0.249,0.347,0.9,0.853,0.901,0.862
9:39:10,1.645,1.65,1.616,1.567,1.951,1.977,1.991,1.95,1.567,1.57,1.517,1.476,1.159,1.178,1.244,1.153,0.731,0.799,0.744,0.642,0.597,0.61,0.546,0.491,0.321,0.298,0.249,0.346,0.906,0.86,0.908,0.871
9:49:10,1.651,1.655,1.623,1.574,1.958,1.984,1.997,1.957,1.578,1.582,1.531,1.494,1.184,1.203,1.27,1.179,0.736,0.806,0.752,0.645,0.599,0.61,0.549,0.489,0.322,0.298,0.25,0.347,0.913,0.867,0.915,0.879
9:59:10,1.656,1.661,1.631,1.583,1.962,1.988,2.003,1.964,1.589,1.595,1.547,1.509,1.208,1.227,1.295,1.203,0.741,0.813,0.758,0.652,0.601,0.612,0.548,0.483,0.323,0.301,0.25,0.347,0.922,0.877,0.923,0.886
10:09:10,1.661,1.666,1.635,1.59,1.968,1.991,2.009,1.97,1.602,1.61,1.563,1.524,1.234,1.251,1.319,1.227,0.747,0.817,0.764,0.657,0.602,0.613,0.552,0.494,0.324,0.302,0.251,0.348,0.93,0.883,0.929,0.895
10:19:10,1.665,1.67,1.641,1.596,1.972,1.995,2.014,1.977,1.614,1.621,1.577,1.541,1.259,1.275,1.346,1.254,0.754,0.823,0.769,0.662,0.603,0.615,0.555,0.475,0.325,0.305,0.252,0.349,0.935,0.888,0.939,0.902
10:29:10,1.669,1.673,1.645,1.601,1.974,1.998,2.018,1.982,1.625,1.633,1.591,1.555,1.282,1.3,1.369,1.277,0.759,0.829,0.775,0.669,0.605,0.616,0.555,0.478,0.326,0.308,0.252,0.35,0.943,0.896,0.945,0.908
10:39:10,1.671,1.676,1.649,1.606,1.977,2.001,2.023,1.987,1.635,1.645,1.607,1.569,1.307,1.324,1.393,1.302,0.765,0.835,0.781,0.672,0.605,0.617,0.557,0.5,0.328,0.311,0.253,0.356,0.95,0.904,0.952,0.915
10:49:10,1.675,1.678,1.651,1.611,1.979,2.002,2.026,1.992,1.644,1.657,1.62,1.581,1.33,1.348,1.415,1.328,0.769,0.839,0.786,0.675,0.608,0.618,0.558,0.5,0.329,0.315,0.254,0.36,0.957,0.911,0.959,0.922
10:59:10,1.677,1.682,1.654,1.614,1.98,2.003,2.029,1.997,1.651,1.667,1.632,1.598,1.354,1.371,1.439,1.351,0.773,0.845,0.793,0.682,0.609,0.62,0.557,0.501,0.33,0.317,0.254,0.361,0.965,0.916,0.965,0.93
11:09:10,1.68,1.684,1.656,1.615,1.982,2.004,2.032,2,1.657,1.678,1.647,1.612,1.377,1.393,1.461,1.373,0.777,0.851,0.798,0.687,0.61,0.621,0.559,0.5,0.331,0.322,0.255,0.362,0.97,0.923,0.975,0.934
11:19:10,1.68,1.687,1.658,1.617,1.982,2.005,2.034,2.003,1.665,1.686,1.661,1.625,1.398,1.417,1.484,1.397,0.784,0.855,0.804,0.692,0.613,0.623,0.561,0.497,0.334,0.328,0.257,0.364,0.976,0.93,0.982,0.943
11:29:10,1.681,1.687,1.66,1.62,1.981,2.004,2.036,2.004,1.67,1.696,1.673,1.639,1.421,1.439,1.503,1.42,0.789,0.861,0.808,0.698,0.614,0.624,0.563,0.494,0.335,0.333,0.257,0.365,0.984,0.938,0.988,0.95
11:39:10,1.682,1.687,1.66,1.623,1.981,2.005,2.036,2.007,1.677,1.706,1.686,1.651,1.44,1.46,1.525,1.443,0.793,0.866,0.813,0.701,0.614,0.626,0.564,0.496,0.337,0.336,0.258,0.366,0.991,0.945,0.994,0.956
11:49:10,1.683,1.689,1.661,1.624,1.982,2.005,2.037,2.007,1.687,1.714,1.698,1.663,1.462,1.483,1.544,1.463,0.797,0.87,0.818,0.705,0.616,0.627,0.565,0.496,0.338,0.338,0.258,0.364,0.997,0.949,1,0.96
11:59:10,1.684,1.69,1.662,1.625,1.981,2.005,2.037,2.008,1.694,1.722,1.709,1.676,1.482,1.504,1.561,1.484,0.802,0.874,0.822,0.708,0.617,0.628,0.567,0.498,0.339,0.339,0.258,0.359,1.004,0.954,1.006,0.965
12:09:10,1.684,1.69,1.663,1.627,1.981,2.005,2.037,2.009,1.701,1.729,1.719,1.688,1.502,1.524,1.58,1.504,0.803,0.878,0.828,0.714,0.618,0.629,0.568,0.499,0.342,0.339,0.259,0.357,1.009,0.962,1.011,0.971
12:19:10,1.685,1.69,1.663,1.627,1.98,2.005,2.036,2.01,1.708,1.736,1.729,1.7,1.519,1.543,1.597,1.523,0.809,0.883,0.832,0.717,0.62,0.631,0.568,0.498,0.342,0.333,0.259,0.363,1.016,0.966,1.015,0.977
12:29:10,1.686,1.689,1.663,1.627,1.98,2.004,2.038,2.009,1.714,1.742,1.739,1.711,1.54,1.562,1.615,1.542,0.813,0.887,0.836,0.722,0.62,0.631,0.57,0.497,0.344,0.324,0.26,0.365,1.022,0.972,1.023,0.982
12:39:10,1.686,1.69,1.664,1.627,1.979,2.003,2.038,2.01,1.72,1.749,1.749,1.721,1.558,1.58,1.631,1.56,0.816,0.892,0.84,0.724,0.621,0.632,0.57,0.496,0.345,0.321,0.26,0.366,1.027,0.975,1.028,0.989
12:49:10,1.686,1.691,1.665,1.628,1.979,2.002,2.037,2.009,1.723,1.757,1.756,1.732,1.573,1.598,1.646,1.578,0.82,0.895,0.844,0.727,0.622,0.634,0.572,0.495,0.347,0.314,0.26,0.366,1.032,0.982,1.031,0.995
12:59:10,1.687,1.691,1.664,1.627,1.979,2.004,2.036,2.008,1.728,1.761,1.765,1.74,1.587,1.615,1.659,1.596,0.823,0.9,0.847,0.733,0.623,0.634,0.573,0.495,0.348,0.311,0.26,0.368,1.035,0.988,1.036,1
13:09:10,1.687,1.691,1.665,1.628,1.979,2.003,2.036,2.008,1.731,1.764,1.772,1.748,1.602,1.629,1.674,1.611,0.828,0.903,0.851,0.737,0.625,0.635,0.572,0.492,0.348,0.309,0.261,0.364,1.041,0.993,1.043,1.003
13:19:10,1.688,1.691,1.666,1.628,1.978,2.003,2.037,2.008,1.733,1.767,1.774,1.754,1.616,1.645,1.686,1.626,0.831,0.907,0.855,0.74,0.625,0.637,0.575,0.492,0.35,0.309,0.261,0.358,1.047,0.998,1.047,1.007
13:29:10,1.689,1.691,1.667,1.628,1.977,2.002,2.035,2.007,1.733,1.77,1.777,1.76,1.63,1.659,1.698,1.641,0.834,0.911,0.859,0.745,0.625,0.637,0.575,0.49,0.35,0.311,0.262,0.363,1.052,1.002,1.052,1.012
13:39:10,1.689,1.691,1.666,1.628,1.977,2.002,2.036,2.007,1.735,1.773,1.781,1.766,1.643,1.671,1.71,1.654,0.839,0.914,0.863,0.746,0.627,0.638,0.576,0.491,0.351,0.314,0.262,0.368,1.057,1.01,1.058,1.017
13:49:10,1.69,1.692,1.667,1.628,1.977,2.002,2.035,2.007,1.735,1.776,1.785,1.772,1.656,1.685,1.722,1.666,0.841,0.918,0.867,0.75,0.628,0.64,0.578,0.49,0.352,0.319,0.262,0.367,1.063,1.012,1.063,1.022
13:59:10,1.69,1.693,1.669,1.63,1.975,2,2.035,2.006,1.735,1.777,1.789,1.778,1.666,1.697,1.732,1.679,0.845,0.921,0.871,0.754,0.628,0.64,0.579,0.488,0.352,0.323,0.263,0.369,1.066,1.018,1.069,1.028
14:09:10,1.691,1.693,1.669,1.629,1.976,2.001,2.035,2.006,1.735,1.778,1.791,1.782,1.676,1.707,1.741,1.691,0.848,0.922,0.873,0.757,0.629,0.641,0.579,0.488,0.353,0.333,0.263,0.368,1.07,1.021,1.073,1.033
14:19:10,1.691,1.693,1.669,1.629,1.975,2,2.035,2.006,1.734,1.778,1.795,1.785,1.687,1.719,1.75,1.702,0.851,0.927,0.877,0.761,0.63,0.643,0.581,0.487,0.354,0.342,0.263,0.361,1.076,1.026,1.077,1.038
14:29:10,1.691,1.693,1.669,1.63,1.974,1.999,2.034,2.005,1.733,1.779,1.797,1.787,1.695,1.729,1.759,1.712,0.854,0.931,0.88,0.763,0.631,0.643,0.581,0.487,0.354,0.344,0.264,0.366,1.081,1.031,1.081,1.042
14:39:10,1.691,1.694,1.669,1.63,1.974,1.999,2.033,2.004,1.732,1.778,1.799,1.789,1.705,1.739,1.765,1.719,0.858,0.931,0.882,0.767,0.632,0.643,0.581,0.487,0.355,0.345,0.264,0.367,1.084,1.036,1.085,1.047
14:49:10,1.691,1.694,1.669,1.631,1.973,1.999,2.032,2.003,1.73,1.777,1.8,1.79,1.714,1.747,1.772,1.729,0.862,0.936,0.887,0.769,0.633,0.644,0.582,0.487,0.355,0.343,0.264,0.369,1.088,1.04,1.087,1.053
14:59:10,1.691,1.694,1.67,1.63,1.972,1.998,2.031,2.003,1.73,1.777,1.802,1.79,1.72,1.755,1.78,1.738,0.864,0.937,0.888,0.772,0.633,0.645,0.583,0.487,0.355,0.339,0.265,0.366,1.091,1.044,1.092,1.056
15:09:10,1.692,1.694,1.671,1.631,1.971,1.998,2.031,2.002,1.728,1.776,1.803,1.79,1.728,1.764,1.787,1.745,0.867,0.939,0.89,0.775,0.634,0.647,0.585,0.487,0.356,0.333,0.265,0.364,1.099,1.05,1.097,1.06
15:19:10,1.692,1.695,1.671,1.63,1.972,1.997,2.03,2.002,1.727,1.776,1.804,1.791,1.736,1.771,1.792,1.751,0.87,0.943,0.895,0.778,0.635,0.647,0.585,0.486,0.356,0.329,0.265,0.368,1.103,1.054,1.103,1.065
15:29:10,1.691,1.695,1.671,1.631,1.97,1.996,2.031,2.001,1.726,1.775,1.802,1.792,1.743,1.778,1.799,1.76,0.872,0.945,0.898,0.781,0.636,0.647,0.586,0.487,0.357,0.322,0.265,0.37,1.106,1.057,1.106,1.07
15:39:10,1.692,1.695,1.671,1.631,1.97,1.996,2.029,2,1.725,1.774,1.802,1.792,1.748,1.783,1.806,1.766,0.875,0.947,0.9,0.784,0.636,0.648,0.585,0.487,0.357,0.318,0.266,0.363,1.109,1.061,1.111,1.073
15:49:10,1.692,1.696,1.671,1.63,1.969,1.994,2.029,2,1.725,1.773,1.801,1.79,1.756,1.79,1.81,1.773,0.878,0.952,0.902,0.786,0.637,0.649,0.587,0.487,0.357,0.316,0.266,0.368,1.116,1.064,1.116,1.077
15:59:10,1.693,1.695,1.672,1.629,1.969,1.994,2.028,1.999,1.724,1.773,1.801,1.79,1.761,1.797,1.815,1.779,0.88,0.953,0.905,0.789,0.638,0.649,0.587,0.487,0.357,0.315,0.266,0.368,1.119,1.07,1.122,1.08
16:09:10,1.693,1.695,1.672,1.631,1.969,1.994,2.028,1.999,1.724,1.772,1.799,1.791,1.767,1.802,1.821,1.786,0.882,0.955,0.907,0.792,0.638,0.65,0.588,0.488,0.357,0.315,0.266,0.365,1.123,1.073,1.123,1.083
16:19:10,1.694,1.696,1.673,1.631,1.968,1.994,2.027,1.999,1.723,1.771,1.801,1.789,1.774,1.807,1.827,1.792,0.884,0.958,0.911,0.794,0.638,0.651,0.588,0.488,0.357,0.317,0.267,0.368,1.127,1.078,1.128,1.087
16:29:10,1.693,1.696,1.671,1.631,1.968,1.994,2.027,1.998,1.722,1.771,1.799,1.788,1.777,1.813,1.83,1.796,0.886,0.96,0.913,0.796,0.639,0.652,0.59,0.488,0.358,0.318,0.267,0.368,1.132,1.08,1.129,1.092
16:39:10,1.696,1.698,1.679,1.635,1.968,1.997,2.031,1.999,1.725,1.774,1.801,1.792,1.784,1.823,1.841,1.806,0.89,0.964,0.916,0.798,0.64,0.651,0.59,0.489,0.358,0.323,0.267,0.367,1.134,1.085,1.133,1.096
16:49:10,1.698,1.701,1.681,1.636,1.968,1.997,2.034,2,1.726,1.774,1.802,1.793,1.79,1.83,1.845,1.812,0.891,0.966,0.917,0.799,0.641,0.653,0.592,0.488,0.358,0.329,0.267,0.364,1.138,1.09,1.137,1.1
16:59:10,1.698,1.7,1.68,1.636,1.967,1.996,2.034,2.001,1.728,1.775,1.802,1.793,1.794,1.834,1.85,1.817,0.894,0.969,0.921,0.802,0.641,0.653,0.591,0.488,0.358,0.337,0.267,0.367,1.143,1.091,1.143,1.102
17:09:10,1.698,1.699,1.681,1.637,1.968,1.996,2.033,2,1.728,1.774,1.802,1.791,1.798,1.837,1.854,1.821,0.896,0.971,0.921,0.804,0.642,0.654,0.592,0.489,0.359,0.345,0.267,0.369,1.145,1.094,1.145,1.105
17:19:10,1.698,1.7,1.681,1.637,1.966,1.996,2.032,1.999,1.729,1.775,1.803,1.792,1.803,1.841,1.858,1.826,0.898,0.973,0.923,0.806,0.642,0.655,0.592,0.488,0.358,0.35,0.267,0.365,1.149,1.097,1.15,1.11
17:29:10,1.698,1.701,1.681,1.636,1.966,1.996,2.032,1.999,1.731,1.776,1.802,1.792,1.809,1.847,1.864,1.832,0.9,0.976,0.925,0.808,0.642,0.655,0.592,0.489,0.358,0.349,0.267,0.367,1.151,1.101,1.152,1.113
17:39:10,1.698,1.698,1.68,1.637,1.966,1.994,2.03,1.997,1.732,1.775,1.8,1.789,1.811,1.851,1.865,1.835,0.901,0.979,0.927,0.81,0.643,0.654,0.592,0.489,0.358,0.345,0.267,0.366,1.155,1.103,1.155,1.116
17:49:10,1.698,1.7,1.68,1.634,1.964,1.994,2.029,1.998,1.734,1.776,1.802,1.789,1.815,1.855,1.87,1.839,0.904,0.981,0.929,0.812,0.642,0.655,0.592,0.489,0.358,0.342,0.267,0.366,1.161,1.108,1.159,1.121
17:59:10,1.698,1.7,1.68,1.636,1.964,1.994,2.028,1.997,1.735,1.777,1.802,1.788,1.82,1.859,1.874,1.842,0.905,0.983,0.93,0.815,0.643,0.655,0.593,0.489,0.358,0.339,0.267,0.365,1.163,1.113,1.161,1.126
18:09:10,1.699,1.7,1.68,1.636,1.964,1.993,2.029,1.996,1.736,1.777,1.803,1.788,1.824,1.862,1.878,1.847,0.907,0.983,0.931,0.816,0.643,0.656,0.592,0.489,0.357,0.335,0.267,0.367,1.166,1.115,1.163,1.125
