Date	Species	Treatment	Replicate	Time_hrs	perc_G0_G1
20240702	S. cerevisiae	7.5 mM Pi	1	0	36.82
20240702	S. cerevisiae	7.5 mM Pi	1	0.5	48.08
20240702	S. cerevisiae	7.5 mM Pi	1	1	43.39
20240702	S. cerevisiae	7.5 mM Pi	1	2	38.54
20240702	S. cerevisiae	7.5 mM Pi	1	3	29.04
20240702	S. cerevisiae	7.5 mM Pi	1	4	33.82
20240702	S. cerevisiae	7.5 mM Pi	1	5	33.83
20240702	S. cerevisiae	7.5 mM Pi	1	6	37.71
20240702	S. cerevisiae	7.5 mM Pi	2	0	38.72
20240702	S. cerevisiae	7.5 mM Pi	2	0.5	43.58
20240702	S. cerevisiae	7.5 mM Pi	2	1	43.46
20240702	S. cerevisiae	7.5 mM Pi	2	2	44.06
20240702	S. cerevisiae	7.5 mM Pi	2	3	31.8
20240702	S. cerevisiae	7.5 mM Pi	2	4	34.71
20240702	S. cerevisiae	7.5 mM Pi	2	5	32.56
20240702	S. cerevisiae	7.5 mM Pi	2	6	46.59
20240702	S. cerevisiae	7.5 mM Pi	3	0	36.27
20240702	S. cerevisiae	7.5 mM Pi	3	0.5	49.54
20240702	S. cerevisiae	7.5 mM Pi	3	1	54.28
20240702	S. cerevisiae	7.5 mM Pi	3	2	35.27
20240702	S. cerevisiae	7.5 mM Pi	3	3	33.24
20240702	S. cerevisiae	7.5 mM Pi	3	4	29.09
20240702	S. cerevisiae	7.5 mM Pi	3	5	32.73
20240702	S. cerevisiae	7.5 mM Pi	3	6	30.89
20241124	C. glabrata	0 mM Pi	1	0	27.8
20241124	C. glabrata	0 mM Pi	1	0.5	12.7
20241124	C. glabrata	0 mM Pi	1	1	14.8
20241124	C. glabrata	0 mM Pi	1	1.5	30.9
20241124	C. glabrata	0 mM Pi	1	2	46.2
20241124	C. glabrata	0 mM Pi	1	3	58.9
20241124	C. glabrata	0 mM Pi	1	4	63.1
20241124	C. glabrata	0 mM Pi	1	5	66.7
20241124	C. glabrata	0 mM Pi	1	6	77.7
20241124	C. glabrata	0 mM Pi	2	0	26.5
20241124	C. glabrata	0 mM Pi	2	0.5	10.2
20241124	C. glabrata	0 mM Pi	2	1	9.8
20241124	C. glabrata	0 mM Pi	2	1.5	26
20241124	C. glabrata	0 mM Pi	2	2	35.7
20241124	C. glabrata	0 mM Pi	2	3	47.8
20241124	C. glabrata	0 mM Pi	2	4	64.6
20241124	C. glabrata	0 mM Pi	2	5	71.9
20241124	C. glabrata	0 mM Pi	2	6	77.5
20241124	C. glabrata	0 mM Pi	3	0	25.5
20241124	C. glabrata	0 mM Pi	3	0.5	12.5
20241124	C. glabrata	0 mM Pi	3	1	12
20241124	C. glabrata	0 mM Pi	3	1.5	22.2
20241124	C. glabrata	0 mM Pi	3	2	41.3
20241124	C. glabrata	0 mM Pi	3	3	51.5
20241124	C. glabrata	0 mM Pi	3	4	58.1
20241124	C. glabrata	0 mM Pi	3	5	67.2
20241124	C. glabrata	0 mM Pi	3	6	65.3
20240702	C. glabrata	7.5 mM Pi	1	0	21.39
20240702	C. glabrata	7.5 mM Pi	1	0.5	11.87
20240702	C. glabrata	7.5 mM Pi	1	1	20.74
20240702	C. glabrata	7.5 mM Pi	1	2	17.55
20240702	C. glabrata	7.5 mM Pi	1	3	14.79
20240702	C. glabrata	7.5 mM Pi	1	4	18.36
20240702	C. glabrata	7.5 mM Pi	1	5	43.48
20240702	C. glabrata	7.5 mM Pi	1	6	74.906
20240702	C. glabrata	7.5 mM Pi	2	0	21.307
20240702	C. glabrata	7.5 mM Pi	2	0.5	12.292
20240702	C. glabrata	7.5 mM Pi	2	1	18.92
20240702	C. glabrata	7.5 mM Pi	2	2	18.396
20240702	C. glabrata	7.5 mM Pi	2	3	20.04
20240702	C. glabrata	7.5 mM Pi	2	4	22.836
20240702	C. glabrata	7.5 mM Pi	2	5	51.33
20240702	C. glabrata	7.5 mM Pi	2	6	86.431
20240702	C. glabrata	7.5 mM Pi	3	0	19.08
20240702	C. glabrata	7.5 mM Pi	3	0.5	18.013
20240702	C. glabrata	7.5 mM Pi	3	1	16.963
20240702	C. glabrata	7.5 mM Pi	3	2	17.186
20240702	C. glabrata	7.5 mM Pi	3	3	13.389
20240702	C. glabrata	7.5 mM Pi	3	4	24.615
20240702	C. glabrata	7.5 mM Pi	3	5	68.02
20240702	C. glabrata	7.5 mM Pi	3	6	81.142
20240731	S. cerevisiae	0 mM Pi	1	0	28.678
20240731	S. cerevisiae	0 mM Pi	1	0.5	23.186
20240731	S. cerevisiae	0 mM Pi	1	1	62.091
20240731	S. cerevisiae	0 mM Pi	1	2	50.71
20240731	S. cerevisiae	0 mM Pi	1	3	68.64
20240731	S. cerevisiae	0 mM Pi	1	4	70.061
20240731	S. cerevisiae	0 mM Pi	1	5	70.652
20240731	S. cerevisiae	0 mM Pi	1	6	73.288
20240731	S. cerevisiae	0 mM Pi	2	0	30.61
20240731	S. cerevisiae	0 mM Pi	2	0.5	32.092
20240731	S. cerevisiae	0 mM Pi	2	1	58.817
20240731	S. cerevisiae	0 mM Pi	2	2	49.107
20240731	S. cerevisiae	0 mM Pi	2	3	65.208
20240731	S. cerevisiae	0 mM Pi	2	4	70.681
20240731	S. cerevisiae	0 mM Pi	2	5	72.03
20240731	S. cerevisiae	0 mM Pi	2	6	77.106
20240731	S. cerevisiae	0 mM Pi	3	0	30.194
20240731	S. cerevisiae	0 mM Pi	3	0.5	35.576
20240731	S. cerevisiae	0 mM Pi	3	1	48.352
20240731	S. cerevisiae	0 mM Pi	3	2	33.65
20240731	S. cerevisiae	0 mM Pi	3	3	62.032
20240731	S. cerevisiae	0 mM Pi	3	4	73.113
20240731	S. cerevisiae	0 mM Pi	3	5	73.8
20240731	S. cerevisiae	0 mM Pi	3	6	81.974
20240702	K. lactis	7.5 mM Pi	1	0	16.37
20240702	K. lactis	7.5 mM Pi	1	0.5	14.12
20240702	K. lactis	7.5 mM Pi	1	1	9.25
20240702	K. lactis	7.5 mM Pi	1	2	13.61
20240702	K. lactis	7.5 mM Pi	1	3	10
20240702	K. lactis	7.5 mM Pi	1	4	16
20240702	K. lactis	7.5 mM Pi	1	5	18.86
20240702	K. lactis	7.5 mM Pi	1	6	16.22
20240702	K. lactis	7.5 mM Pi	2	0	22.24
20240702	K. lactis	7.5 mM Pi	2	0.5	12.64
20240702	K. lactis	7.5 mM Pi	2	1	10.76
20240702	K. lactis	7.5 mM Pi	2	2	14.54
20240702	K. lactis	7.5 mM Pi	2	3	9.6
20240702	K. lactis	7.5 mM Pi	2	4	10.89
20240702	K. lactis	7.5 mM Pi	2	5	19.58
20240702	K. lactis	7.5 mM Pi	2	6	28.86
20240702	K. lactis	7.5 mM Pi	3	0	14.62
20240702	K. lactis	7.5 mM Pi	3	0.5	9.34
20240702	K. lactis	7.5 mM Pi	3	1	1.97
20240702	K. lactis	7.5 mM Pi	3	2	10.48
20240702	K. lactis	7.5 mM Pi	3	3	8.15
20240702	K. lactis	7.5 mM Pi	3	4	10.79
20240702	K. lactis	7.5 mM Pi	3	5	18.39
20240702	K. lactis	7.5 mM Pi	3	6	26.5
20240731	K. lactis	0 mM Pi	1	0	17.571
20240731	K. lactis	0 mM Pi	1	0.5	19.928
20240731	K. lactis	0 mM Pi	1	1	23.931
20240731	K. lactis	0 mM Pi	1	2	39.165
20240731	K. lactis	0 mM Pi	1	3	59.948
20240731	K. lactis	0 mM Pi	1	4	61.236
20240731	K. lactis	0 mM Pi	1	5	63.872
20240731	K. lactis	0 mM Pi	1	6	68.262
20240731	K. lactis	0 mM Pi	2	0	14.543
20240731	K. lactis	0 mM Pi	2	0.5	18.184
20240731	K. lactis	0 mM Pi	2	1	21.708
20240731	K. lactis	0 mM Pi	2	2	34.426
20240731	K. lactis	0 mM Pi	2	3	52.006
20240731	K. lactis	0 mM Pi	2	4	54.355
20240731	K. lactis	0 mM Pi	2	5	62.895
20240731	K. lactis	0 mM Pi	2	6	69.243
20240731	K. lactis	0 mM Pi	3	0	17.077
20240731	K. lactis	0 mM Pi	3	0.5	18.295
20240731	K. lactis	0 mM Pi	3	1	18.028
20240731	K. lactis	0 mM Pi	3	2	35.726
20240731	K. lactis	0 mM Pi	3	3	47.792
20240731	K. lactis	0 mM Pi	3	4	51.375
20240731	K. lactis	0 mM Pi	3	5	61.893
20240731	K. lactis	0 mM Pi	3	6	67.462
20240702	C. albicans	7.5 mM Pi	1	0	24.887
20240702	C. albicans	7.5 mM Pi	1	0.5	16.03
20240702	C. albicans	7.5 mM Pi	1	1	16.69
20240702	C. albicans	7.5 mM Pi	1	2	15.76
20240702	C. albicans	7.5 mM Pi	1	3	19.53
20240702	C. albicans	7.5 mM Pi	1	4	18.76
20240702	C. albicans	7.5 mM Pi	1	5	35.46
20240702	C. albicans	7.5 mM Pi	1	6	40.9
20240702	C. albicans	7.5 mM Pi	2	0	23.03
20240702	C. albicans	7.5 mM Pi	2	0.5	16.59
20240702	C. albicans	7.5 mM Pi	2	1	14.03
20240702	C. albicans	7.5 mM Pi	2	2	16.74
20240702	C. albicans	7.5 mM Pi	2	3	19.06
20240702	C. albicans	7.5 mM Pi	2	4	18.06
20240702	C. albicans	7.5 mM Pi	2	5	31.95
20240702	C. albicans	7.5 mM Pi	2	6	39.08
20240702	C. albicans	7.5 mM Pi	3	0	28.45
20240702	C. albicans	7.5 mM Pi	3	0.5	20.78
20240702	C. albicans	7.5 mM Pi	3	1	13.7
20240702	C. albicans	7.5 mM Pi	3	2	16.04
20240702	C. albicans	7.5 mM Pi	3	3	16.92
20240702	C. albicans	7.5 mM Pi	3	4	19.73
20240702	C. albicans	7.5 mM Pi	3	5	35
20240702	C. albicans	7.5 mM Pi	3	6	42.05
20240731	C. albicans	0 mM Pi	1	0	17.635
20240731	C. albicans	0 mM Pi	1	0.5	29.642
20240731	C. albicans	0 mM Pi	1	1	31.842
20240731	C. albicans	0 mM Pi	1	2	55.981
20240731	C. albicans	0 mM Pi	1	3	69.986
20240731	C. albicans	0 mM Pi	1	4	76.705
20240731	C. albicans	0 mM Pi	1	5	78.642
20240731	C. albicans	0 mM Pi	1	6	79.272
20240731	C. albicans	0 mM Pi	2	0	14.048
20240731	C. albicans	0 mM Pi	2	0.5	30.316
20240731	C. albicans	0 mM Pi	2	1	32.575
20240731	C. albicans	0 mM Pi	2	2	55.219
20240731	C. albicans	0 mM Pi	2	3	57.037
20240731	C. albicans	0 mM Pi	2	4	72.121
20240731	C. albicans	0 mM Pi	2	5	76.473
20240731	C. albicans	0 mM Pi	2	6	82.508
20240731	C. albicans	0 mM Pi	3	0	18.027
20240731	C. albicans	0 mM Pi	3	0.5	31.769
20240731	C. albicans	0 mM Pi	3	1	42.538
20240731	C. albicans	0 mM Pi	3	2	52.225
20240731	C. albicans	0 mM Pi	3	3	59.403
20240731	C. albicans	0 mM Pi	3	4	76.88
20240731	C. albicans	0 mM Pi	3	5	84.844
20240731	C. albicans	0 mM Pi	3	6	86.643
