Time,T° 600,A1,A2,A3,A4,A5,A6,A7,A8,A9,A10,A11,A12,B1,B2,B3,B4,B5,B6,B7,B8,B9,B10,B11,B12,C1,C2,C3,C4,C5,C6,C7,C8,C9,C10,C11,C12,D1,D2,D3,D4,D5,D6,D7,D8,D9,D10,D11,D12,E1,E2,E3,E4,E5,E6,E7,E8,E9,E10,E11,E12,F1,F2,F3,F4,F5,F6,F7,F8,F9,F10,F11,F12,G1,G2,G3,G4,G5,G6,G7,G8,G9,G10,G11,G12,H1,H2,H3,H4,H5,H6,H7,H8,H9,H10,H11,H12
0:09:10,30,0.116,0.086,0.09,0.087,0.087,0.087,0.089,0.087,0.088,0.089,0.087,0.088,0.084,0.318,0.305,0.292,0.24,0.09,0.268,0.296,0.27,0.271,0.099,0.086,0.086,0.333,0.361,0.309,0.246,0.089,0.303,0.299,0.321,0.296,0.091,0.083,0.092,0.362,0.35,0.257,0.237,0.087,0.229,0.255,0.282,0.213,0.094,0.088,0.089,0.319,0.337,0.328,0.289,0.088,0.311,0.29,0.267,0.232,0.087,0.088,0.093,0.093,0.101,0.095,0.09,0.088,0.093,0.092,0.095,0.091,0.104,0.093,0.092,0.091,0.099,0.094,0.096,0.089,0.089,0.096,0.089,0.118,0.087,0.094,0.089,0.093,0.088,0.096,0.091,0.1,0.096,0.091,0.089,0.091,0.096,0.089
0:19:10,30,0.116,0.086,0.09,0.087,0.088,0.086,0.088,0.086,0.088,0.09,0.087,0.088,0.084,0.323,0.308,0.285,0.242,0.091,0.28,0.313,0.279,0.275,0.1,0.086,0.086,0.333,0.366,0.316,0.258,0.09,0.316,0.304,0.339,0.317,0.091,0.083,0.092,0.395,0.365,0.274,0.236,0.087,0.254,0.272,0.234,0.218,0.095,0.089,0.089,0.346,0.336,0.332,0.323,0.089,0.335,0.306,0.308,0.236,0.087,0.088,0.092,0.096,0.104,0.095,0.091,0.087,0.093,0.092,0.097,0.092,0.105,0.093,0.092,0.09,0.1,0.094,0.096,0.089,0.089,0.095,0.089,0.12,0.087,0.088,0.089,0.093,0.088,0.096,0.091,0.099,0.095,0.093,0.089,0.09,0.095,0.089
0:29:10,30,0.116,0.086,0.089,0.087,0.088,0.086,0.088,0.086,0.087,0.09,0.087,0.088,0.084,0.353,0.325,0.308,0.261,0.091,0.357,0.343,0.301,0.282,0.101,0.086,0.086,0.351,0.387,0.324,0.265,0.091,0.332,0.313,0.351,0.328,0.093,0.083,0.092,0.407,0.369,0.281,0.255,0.088,0.266,0.321,0.332,0.255,0.095,0.088,0.089,0.371,0.349,0.34,0.355,0.089,0.343,0.282,0.299,0.246,0.089,0.088,0.093,0.09,0.105,0.097,0.093,0.088,0.095,0.093,0.097,0.093,0.106,0.093,0.092,0.09,0.101,0.095,0.097,0.09,0.089,0.096,0.089,0.12,0.086,0.088,0.089,0.093,0.087,0.097,0.091,0.099,0.095,0.093,0.088,0.09,0.096,0.089
0:39:10,30.1,0.116,0.086,0.089,0.086,0.088,0.087,0.088,0.086,0.087,0.09,0.087,0.088,0.084,0.356,0.391,0.327,0.308,0.092,0.36,0.343,0.32,0.299,0.103,0.088,0.087,0.415,0.446,0.344,0.283,0.093,0.338,0.335,0.386,0.347,0.095,0.083,0.092,0.478,0.443,0.281,0.264,0.089,0.329,0.323,0.371,0.237,0.097,0.089,0.089,0.378,0.359,0.349,0.394,0.09,0.333,0.289,0.294,0.252,0.091,0.088,0.092,0.091,0.105,0.099,0.095,0.088,0.096,0.095,0.098,0.097,0.106,0.092,0.092,0.09,0.101,0.095,0.098,0.091,0.09,0.097,0.09,0.12,0.087,0.089,0.088,0.093,0.088,0.097,0.091,0.099,0.095,0.093,0.088,0.09,0.096,0.089
0:49:10,30.1,0.116,0.086,0.089,0.086,0.088,0.086,0.088,0.086,0.087,0.089,0.087,0.088,0.084,0.367,0.401,0.333,0.343,0.093,0.377,0.385,0.361,0.31,0.105,0.085,0.087,0.409,0.476,0.413,0.298,0.096,0.345,0.353,0.379,0.36,0.098,0.083,0.093,0.478,0.44,0.308,0.275,0.09,0.349,0.341,0.377,0.242,0.099,0.088,0.089,0.38,0.368,0.359,0.395,0.092,0.316,0.308,0.293,0.258,0.094,0.088,0.092,0.094,0.105,0.102,0.098,0.09,0.099,0.097,0.1,0.098,0.107,0.093,0.092,0.09,0.101,0.096,0.099,0.092,0.09,0.097,0.091,0.119,0.087,0.089,0.089,0.093,0.088,0.097,0.091,0.099,0.095,0.093,0.089,0.09,0.096,0.089
0:59:10,30,0.116,0.086,0.089,0.086,0.089,0.086,0.088,0.086,0.087,0.09,0.087,0.088,0.084,0.344,0.411,0.355,0.37,0.094,0.332,0.375,0.357,0.314,0.107,0.085,0.087,0.395,0.474,0.377,0.301,0.098,0.35,0.376,0.395,0.368,0.101,0.083,0.093,0.479,0.416,0.363,0.354,0.093,0.364,0.351,0.381,0.25,0.102,0.088,0.089,0.393,0.348,0.366,0.369,0.095,0.334,0.344,0.299,0.264,0.097,0.088,0.092,0.101,0.105,0.105,0.101,0.091,0.102,0.1,0.103,0.101,0.109,0.092,0.092,0.091,0.101,0.098,0.101,0.093,0.091,0.098,0.092,0.119,0.087,0.089,0.088,0.093,0.088,0.097,0.091,0.099,0.095,0.094,0.089,0.09,0.096,0.089
1:09:10,30.1,0.116,0.086,0.089,0.086,0.089,0.086,0.088,0.086,0.088,0.09,0.087,0.088,0.084,0.347,0.411,0.387,0.348,0.095,0.405,0.383,0.359,0.316,0.108,0.085,0.087,0.394,0.478,0.411,0.327,0.1,0.363,0.394,0.478,0.376,0.104,0.083,0.093,0.437,0.456,0.373,0.355,0.096,0.365,0.36,0.382,0.252,0.104,0.089,0.089,0.425,0.388,0.375,0.434,0.098,0.373,0.358,0.314,0.288,0.1,0.088,0.092,0.103,0.108,0.108,0.104,0.094,0.106,0.104,0.106,0.103,0.11,0.093,0.092,0.091,0.102,0.099,0.102,0.095,0.092,0.098,0.093,0.118,0.088,0.089,0.089,0.093,0.088,0.097,0.091,0.099,0.095,0.094,0.089,0.09,0.096,0.089
1:19:10,30.1,0.116,0.086,0.089,0.086,0.089,0.086,0.088,0.086,0.087,0.091,0.087,0.088,0.084,0.349,0.411,0.399,0.361,0.097,0.329,0.363,0.342,0.316,0.11,0.085,0.088,0.459,0.517,0.459,0.384,0.101,0.377,0.425,0.501,0.392,0.106,0.083,0.093,0.442,0.464,0.383,0.301,0.099,0.376,0.372,0.382,0.263,0.107,0.089,0.089,0.411,0.379,0.384,0.407,0.101,0.375,0.382,0.342,0.288,0.102,0.088,0.092,0.104,0.11,0.11,0.107,0.096,0.109,0.107,0.109,0.106,0.111,0.092,0.092,0.091,0.102,0.1,0.103,0.096,0.093,0.099,0.093,0.118,0.088,0.089,0.088,0.093,0.088,0.097,0.091,0.099,0.095,0.094,0.089,0.09,0.096,0.089
1:29:10,30.1,0.116,0.086,0.089,0.086,0.089,0.086,0.088,0.086,0.088,0.09,0.087,0.088,0.084,0.354,0.388,0.344,0.373,0.099,0.325,0.409,0.358,0.316,0.111,0.085,0.088,0.469,0.527,0.448,0.392,0.109,0.393,0.46,0.519,0.402,0.108,0.083,0.093,0.457,0.474,0.391,0.337,0.102,0.388,0.381,0.392,0.267,0.108,0.089,0.089,0.422,0.414,0.4,0.438,0.104,0.389,0.379,0.367,0.284,0.104,0.088,0.092,0.106,0.111,0.113,0.109,0.098,0.112,0.11,0.112,0.108,0.112,0.093,0.092,0.092,0.102,0.1,0.104,0.097,0.094,0.099,0.094,0.118,0.088,0.089,0.089,0.093,0.088,0.097,0.091,0.099,0.095,0.094,0.089,0.09,0.096,0.089
1:39:10,30,0.116,0.086,0.089,0.087,0.089,0.086,0.088,0.086,0.088,0.09,0.087,0.088,0.084,0.378,0.408,0.353,0.357,0.101,0.375,0.398,0.377,0.321,0.112,0.085,0.088,0.461,0.557,0.489,0.407,0.11,0.406,0.462,0.523,0.416,0.111,0.083,0.093,0.478,0.47,0.403,0.335,0.104,0.398,0.393,0.399,0.278,0.11,0.089,0.089,0.412,0.429,0.454,0.443,0.107,0.424,0.4,0.379,0.301,0.106,0.088,0.093,0.108,0.1,0.114,0.111,0.099,0.115,0.112,0.114,0.109,0.113,0.093,0.092,0.092,0.102,0.101,0.105,0.098,0.094,0.1,0.094,0.117,0.089,0.089,0.089,0.093,0.088,0.097,0.091,0.099,0.095,0.094,0.089,0.09,0.096,0.089
1:49:10,30,0.116,0.086,0.089,0.086,0.089,0.086,0.088,0.086,0.088,0.095,0.087,0.088,0.085,0.398,0.395,0.366,0.342,0.102,0.41,0.392,0.368,0.327,0.112,0.085,0.088,0.486,0.587,0.505,0.428,0.111,0.415,0.467,0.536,0.423,0.111,0.083,0.093,0.484,0.493,0.411,0.365,0.106,0.412,0.403,0.41,0.286,0.111,0.089,0.089,0.405,0.44,0.47,0.457,0.108,0.433,0.369,0.369,0.293,0.107,0.088,0.093,0.106,0.115,0.115,0.112,0.1,0.116,0.113,0.115,0.11,0.114,0.093,0.092,0.092,0.102,0.101,0.105,0.098,0.094,0.099,0.094,0.117,0.089,0.089,0.088,0.093,0.088,0.097,0.091,0.099,0.095,0.094,0.089,0.09,0.095,0.089
1:59:10,30,0.116,0.086,0.089,0.086,0.089,0.086,0.088,0.086,0.088,0.09,0.087,0.088,0.085,0.469,0.387,0.36,0.354,0.102,0.431,0.446,0.373,0.339,0.112,0.085,0.088,0.509,0.616,0.542,0.438,0.11,0.45,0.494,0.554,0.454,0.111,0.083,0.093,0.504,0.509,0.421,0.385,0.106,0.411,0.42,0.421,0.335,0.111,0.089,0.089,0.45,0.47,0.496,0.469,0.109,0.385,0.404,0.35,0.305,0.107,0.088,0.092,0.105,0.11,0.115,0.112,0.101,0.117,0.114,0.116,0.11,0.113,0.093,0.092,0.092,0.102,0.101,0.104,0.098,0.094,0.099,0.094,0.117,0.089,0.088,0.088,0.093,0.088,0.097,0.091,0.099,0.095,0.094,0.089,0.09,0.095,0.089
2:09:10,30.1,0.115,0.086,0.089,0.086,0.089,0.086,0.088,0.086,0.088,0.09,0.087,0.088,0.085,0.418,0.421,0.395,0.419,0.103,0.445,0.44,0.372,0.351,0.112,0.085,0.088,0.533,0.662,0.561,0.474,0.112,0.518,0.506,0.569,0.438,0.112,0.083,0.093,0.521,0.524,0.428,0.399,0.106,0.43,0.428,0.434,0.377,0.111,0.089,0.089,0.455,0.475,0.502,0.47,0.109,0.41,0.409,0.364,0.302,0.107,0.088,0.092,0.107,0.103,0.115,0.112,0.1,0.118,0.114,0.116,0.111,0.114,0.093,0.092,0.092,0.102,0.101,0.104,0.098,0.094,0.1,0.094,0.117,0.089,0.089,0.088,0.093,0.088,0.097,0.091,0.099,0.095,0.094,0.089,0.09,0.095,0.089
2:19:10,30.1,0.115,0.086,0.089,0.086,0.089,0.086,0.088,0.086,0.088,0.093,0.087,0.088,0.085,0.485,0.426,0.436,0.383,0.103,0.382,0.471,0.465,0.368,0.112,0.085,0.088,0.58,0.703,0.597,0.513,0.111,0.497,0.529,0.561,0.445,0.112,0.083,0.093,0.543,0.556,0.452,0.412,0.107,0.452,0.442,0.446,0.386,0.112,0.089,0.089,0.46,0.486,0.51,0.48,0.109,0.438,0.404,0.381,0.305,0.107,0.088,0.092,0.108,0.103,0.116,0.113,0.101,0.118,0.115,0.117,0.112,0.114,0.093,0.092,0.092,0.102,0.101,0.104,0.097,0.094,0.099,0.094,0.117,0.089,0.089,0.088,0.093,0.088,0.097,0.091,0.099,0.095,0.094,0.089,0.09,0.095,0.089
2:29:10,30.1,0.116,0.086,0.089,0.086,0.089,0.086,0.088,0.086,0.088,0.09,0.087,0.088,0.084,0.474,0.521,0.485,0.419,0.103,0.482,0.471,0.455,0.433,0.112,0.085,0.088,0.619,0.741,0.618,0.505,0.112,0.529,0.542,0.582,0.461,0.112,0.083,0.093,0.564,0.573,0.464,0.426,0.107,0.46,0.458,0.456,0.396,0.111,0.089,0.089,0.481,0.491,0.517,0.485,0.109,0.446,0.403,0.391,0.307,0.107,0.088,0.092,0.108,0.106,0.116,0.113,0.1,0.119,0.116,0.118,0.112,0.114,0.093,0.092,0.092,0.102,0.1,0.104,0.097,0.094,0.099,0.094,0.117,0.089,0.089,0.088,0.093,0.088,0.097,0.091,0.099,0.095,0.094,0.089,0.09,0.095,0.089
2:39:10,30.1,0.116,0.086,0.089,0.086,0.089,0.086,0.088,0.086,0.088,0.091,0.087,0.088,0.084,0.508,0.529,0.447,0.459,0.103,0.449,0.461,0.465,0.45,0.112,0.085,0.088,0.662,0.789,0.676,0.553,0.111,0.567,0.531,0.598,0.461,0.112,0.083,0.093,0.586,0.595,0.482,0.431,0.106,0.466,0.475,0.471,0.403,0.112,0.089,0.089,0.505,0.506,0.523,0.485,0.109,0.465,0.42,0.424,0.312,0.108,0.088,0.092,0.11,0.101,0.116,0.113,0.101,0.119,0.116,0.118,0.113,0.114,0.093,0.092,0.091,0.102,0.1,0.104,0.097,0.094,0.1,0.094,0.117,0.089,0.089,0.088,0.093,0.088,0.097,0.091,0.099,0.095,0.094,0.089,0.09,0.095,0.089
2:49:10,30.1,0.115,0.086,0.089,0.086,0.089,0.086,0.088,0.086,0.088,0.094,0.087,0.088,0.084,0.506,0.557,0.507,0.468,0.103,0.498,0.499,0.478,0.448,0.112,0.085,0.088,0.709,0.837,0.726,0.594,0.11,0.572,0.565,0.608,0.498,0.113,0.083,0.093,0.611,0.617,0.497,0.447,0.107,0.468,0.483,0.479,0.42,0.112,0.089,0.089,0.482,0.508,0.533,0.497,0.109,0.471,0.445,0.465,0.317,0.108,0.088,0.092,0.111,0.117,0.117,0.114,0.1,0.12,0.117,0.119,0.113,0.115,0.093,0.092,0.091,0.102,0.1,0.104,0.097,0.094,0.1,0.094,0.117,0.089,0.089,0.088,0.093,0.088,0.097,0.091,0.099,0.095,0.094,0.089,0.09,0.095,0.089
2:59:10,30.1,0.115,0.086,0.089,0.087,0.089,0.086,0.088,0.086,0.088,0.09,0.087,0.088,0.084,0.531,0.564,0.547,0.49,0.102,0.527,0.49,0.545,0.505,0.112,0.086,0.088,0.755,0.885,0.775,0.636,0.11,0.558,0.551,0.621,0.49,0.113,0.083,0.093,0.638,0.642,0.516,0.465,0.106,0.499,0.468,0.494,0.429,0.112,0.088,0.089,0.499,0.529,0.54,0.496,0.108,0.467,0.446,0.435,0.32,0.107,0.088,0.092,0.11,0.11,0.116,0.113,0.099,0.12,0.117,0.119,0.113,0.114,0.093,0.092,0.091,0.102,0.1,0.103,0.097,0.093,0.099,0.094,0.117,0.089,0.089,0.088,0.093,0.088,0.097,0.091,0.099,0.095,0.094,0.089,0.09,0.095,0.089
3:09:10,30,0.115,0.086,0.089,0.086,0.089,0.087,0.088,0.086,0.088,0.09,0.087,0.088,0.085,0.558,0.609,0.515,0.511,0.105,0.525,0.516,0.565,0.499,0.113,0.085,0.088,0.806,0.936,0.831,0.686,0.115,0.566,0.564,0.634,0.487,0.115,0.083,0.093,0.665,0.671,0.541,0.494,0.11,0.517,0.508,0.509,0.44,0.114,0.089,0.089,0.51,0.528,0.557,0.514,0.112,0.441,0.477,0.463,0.33,0.11,0.088,0.092,0.112,0.109,0.12,0.117,0.102,0.123,0.119,0.121,0.115,0.115,0.093,0.092,0.092,0.102,0.101,0.105,0.098,0.094,0.1,0.095,0.117,0.089,0.089,0.088,0.093,0.088,0.097,0.091,0.099,0.095,0.094,0.089,0.09,0.095,0.089
3:19:10,30,0.116,0.086,0.089,0.086,0.089,0.086,0.088,0.086,0.088,0.09,0.087,0.088,0.085,0.587,0.634,0.559,0.536,0.109,0.537,0.553,0.556,0.529,0.115,0.085,0.088,0.854,0.989,0.889,0.736,0.119,0.569,0.555,0.641,0.495,0.118,0.083,0.093,0.694,0.701,0.565,0.522,0.114,0.529,0.513,0.524,0.45,0.117,0.089,0.089,0.531,0.54,0.567,0.518,0.117,0.39,0.481,0.453,0.335,0.113,0.088,0.092,0.113,0.106,0.122,0.12,0.103,0.127,0.122,0.123,0.116,0.117,0.093,0.092,0.092,0.102,0.102,0.106,0.099,0.095,0.1,0.096,0.117,0.089,0.089,0.088,0.093,0.088,0.097,0.091,0.099,0.095,0.094,0.089,0.09,0.095,0.089
3:29:10,30,0.115,0.086,0.089,0.086,0.089,0.087,0.088,0.086,0.088,0.09,0.087,0.088,0.085,0.615,0.659,0.592,0.556,0.109,0.578,0.564,0.568,0.55,0.116,0.085,0.088,0.906,1.038,0.937,0.785,0.12,0.592,0.563,0.656,0.502,0.118,0.083,0.093,0.726,0.726,0.589,0.544,0.115,0.537,0.541,0.535,0.459,0.117,0.089,0.089,0.541,0.565,0.576,0.53,0.117,0.422,0.459,0.44,0.34,0.113,0.088,0.092,0.112,0.121,0.122,0.119,0.104,0.126,0.122,0.123,0.116,0.116,0.093,0.092,0.092,0.102,0.102,0.106,0.099,0.095,0.1,0.095,0.117,0.089,0.089,0.088,0.093,0.088,0.097,0.091,0.099,0.095,0.094,0.089,0.09,0.095,0.089
3:39:10,30.1,0.115,0.086,0.089,0.086,0.09,0.087,0.088,0.086,0.088,0.09,0.087,0.088,0.085,0.642,0.686,0.615,0.576,0.107,0.632,0.586,0.591,0.584,0.115,0.086,0.088,0.958,1.083,0.988,0.833,0.12,0.599,0.56,0.658,0.506,0.117,0.083,0.093,0.753,0.751,0.61,0.564,0.113,0.542,0.552,0.542,0.468,0.115,0.089,0.089,0.544,0.554,0.587,0.528,0.115,0.41,0.447,0.4,0.38,0.112,0.088,0.092,0.112,0.11,0.121,0.118,0.103,0.125,0.121,0.123,0.116,0.116,0.093,0.092,0.092,0.102,0.102,0.105,0.099,0.095,0.1,0.095,0.117,0.089,0.089,0.088,0.093,0.088,0.097,0.091,0.099,0.095,0.095,0.089,0.09,0.095,0.089
3:49:10,30.1,0.115,0.086,0.089,0.086,0.089,0.087,0.088,0.086,0.088,0.09,0.087,0.088,0.085,0.67,0.712,0.64,0.598,0.106,0.651,0.62,0.627,0.602,0.114,0.085,0.088,1.005,1.132,1.035,0.882,0.117,0.605,0.555,0.66,0.511,0.115,0.083,0.093,0.784,0.778,0.633,0.586,0.112,0.541,0.562,0.55,0.478,0.114,0.089,0.089,0.545,0.564,0.58,0.545,0.114,0.402,0.461,0.403,0.376,0.11,0.088,0.092,0.111,0.108,0.12,0.117,0.103,0.125,0.121,0.122,0.116,0.115,0.093,0.092,0.092,0.102,0.101,0.105,0.098,0.095,0.099,0.095,0.117,0.089,0.089,0.088,0.093,0.088,0.097,0.091,0.099,0.095,0.094,0.089,0.09,0.095,0.089
3:59:10,30.1,0.115,0.086,0.089,0.086,0.089,0.087,0.088,0.086,0.088,0.09,0.087,0.088,0.084,0.7,0.739,0.667,0.619,0.106,0.666,0.672,0.652,0.621,0.114,0.086,0.088,1.054,1.179,1.086,0.931,0.117,0.615,0.561,0.668,0.516,0.115,0.083,0.093,0.814,0.805,0.657,0.608,0.111,0.55,0.571,0.559,0.487,0.114,0.089,0.089,0.556,0.577,0.597,0.542,0.113,0.439,0.472,0.402,0.413,0.11,0.088,0.092,0.113,0.111,0.119,0.117,0.102,0.124,0.121,0.122,0.116,0.115,0.093,0.092,0.092,0.102,0.101,0.105,0.098,0.094,0.099,0.095,0.117,0.089,0.089,0.088,0.093,0.088,0.097,0.091,0.099,0.095,0.094,0.089,0.09,0.095,0.089
4:09:10,30.1,0.115,0.086,0.089,0.086,0.09,0.087,0.088,0.086,0.088,0.09,0.087,0.088,0.085,0.733,0.769,0.697,0.644,0.106,0.682,0.707,0.673,0.637,0.114,0.086,0.088,1.104,1.226,1.133,0.982,0.117,0.623,0.56,0.673,0.523,0.115,0.083,0.093,0.844,0.832,0.682,0.634,0.111,0.558,0.58,0.57,0.495,0.113,0.089,0.089,0.559,0.588,0.591,0.546,0.112,0.427,0.485,0.405,0.427,0.109,0.088,0.092,0.112,0.112,0.119,0.116,0.101,0.124,0.12,0.122,0.115,0.115,0.093,0.092,0.092,0.102,0.101,0.104,0.098,0.094,0.1,0.095,0.117,0.089,0.089,0.088,0.093,0.088,0.097,0.091,0.099,0.095,0.095,0.089,0.09,0.095,0.089
4:19:10,30.1,0.116,0.086,0.089,0.087,0.09,0.087,0.088,0.086,0.088,0.09,0.087,0.088,0.085,0.767,0.8,0.726,0.67,0.106,0.7,0.73,0.693,0.655,0.113,0.086,0.088,1.152,1.273,1.183,1.033,0.116,0.632,0.567,0.681,0.529,0.114,0.083,0.093,0.877,0.863,0.707,0.657,0.11,0.566,0.591,0.58,0.505,0.114,0.089,0.089,0.568,0.597,0.569,0.545,0.112,0.449,0.487,0.408,0.438,0.109,0.088,0.093,0.113,0.108,0.119,0.116,0.101,0.125,0.12,0.122,0.116,0.115,0.093,0.092,0.092,0.102,0.101,0.104,0.098,0.094,0.099,0.095,0.117,0.089,0.089,0.088,0.093,0.088,0.097,0.091,0.099,0.095,0.095,0.089,0.09,0.095,0.089
4:29:10,30.1,0.115,0.086,0.089,0.086,0.089,0.087,0.088,0.086,0.088,0.09,0.087,0.088,0.085,0.801,0.829,0.757,0.697,0.105,0.72,0.749,0.708,0.673,0.113,0.086,0.088,1.2,1.317,1.231,1.081,0.116,0.638,0.569,0.687,0.533,0.114,0.083,0.093,0.908,0.891,0.734,0.683,0.11,0.576,0.601,0.59,0.514,0.113,0.089,0.089,0.59,0.62,0.589,0.558,0.112,0.471,0.491,0.412,0.445,0.109,0.088,0.092,0.114,0.112,0.119,0.117,0.1,0.125,0.121,0.123,0.117,0.115,0.093,0.092,0.092,0.102,0.101,0.104,0.098,0.094,0.1,0.095,0.117,0.089,0.089,0.088,0.093,0.088,0.097,0.091,0.099,0.095,0.094,0.089,0.09,0.095,0.089
4:39:10,30.1,0.115,0.086,0.089,0.087,0.09,0.087,0.088,0.086,0.088,0.09,0.087,0.088,0.084,0.837,0.861,0.789,0.725,0.106,0.739,0.771,0.727,0.692,0.113,0.086,0.088,1.246,1.363,1.278,1.129,0.113,0.644,0.574,0.693,0.539,0.114,0.083,0.093,0.939,0.922,0.76,0.71,0.11,0.587,0.612,0.599,0.522,0.113,0.089,0.089,0.601,0.614,0.585,0.564,0.112,0.446,0.501,0.417,0.45,0.109,0.088,0.092,0.112,0.115,0.119,0.117,0.101,0.125,0.121,0.123,0.117,0.115,0.093,0.092,0.092,0.102,0.101,0.104,0.097,0.094,0.1,0.095,0.117,0.089,0.09,0.088,0.093,0.088,0.097,0.091,0.099,0.095,0.095,0.089,0.09,0.095,0.089
4:49:10,30.1,0.115,0.086,0.089,0.086,0.089,0.087,0.088,0.086,0.088,0.09,0.087,0.088,0.084,0.87,0.892,0.821,0.754,0.106,0.757,0.789,0.745,0.709,0.113,0.086,0.087,1.293,1.409,1.326,1.178,0.117,0.651,0.581,0.7,0.543,0.114,0.083,0.093,0.971,0.954,0.79,0.738,0.11,0.596,0.621,0.608,0.532,0.114,0.089,0.089,0.607,0.622,0.644,0.578,0.112,0.499,0.521,0.422,0.444,0.109,0.088,0.093,0.112,0.123,0.12,0.118,0.101,0.126,0.122,0.124,0.117,0.115,0.093,0.092,0.092,0.102,0.101,0.104,0.098,0.094,0.1,0.095,0.117,0.089,0.089,0.088,0.093,0.088,0.097,0.091,0.099,0.095,0.095,0.089,0.09,0.095,0.089
4:59:10,30.1,0.115,0.086,0.089,0.087,0.09,0.087,0.088,0.086,0.088,0.09,0.087,0.088,0.085,0.906,0.93,0.855,0.784,0.106,0.774,0.808,0.764,0.724,0.113,0.087,0.087,1.339,1.453,1.372,1.227,0.116,0.657,0.586,0.706,0.548,0.113,0.083,0.093,1.003,0.983,0.818,0.765,0.11,0.605,0.631,0.616,0.54,0.113,0.089,0.089,0.619,0.648,0.679,0.597,0.112,0.506,0.514,0.447,0.462,0.109,0.088,0.093,0.113,0.119,0.12,0.118,0.101,0.126,0.122,0.124,0.117,0.115,0.093,0.092,0.092,0.102,0.101,0.104,0.098,0.094,0.099,0.095,0.117,0.089,0.09,0.088,0.093,0.088,0.097,0.091,0.099,0.095,0.095,0.089,0.09,0.095,0.089
5:09:10,30.1,0.115,0.086,0.089,0.086,0.09,0.087,0.088,0.086,0.088,0.09,0.087,0.088,0.085,0.943,0.962,0.888,0.817,0.106,0.792,0.825,0.779,0.741,0.113,0.086,0.087,1.385,1.493,1.416,1.275,0.114,0.663,0.591,0.713,0.553,0.114,0.083,0.093,1.032,1.014,0.847,0.794,0.111,0.615,0.641,0.625,0.549,0.114,0.089,0.089,0.631,0.658,0.643,0.606,0.112,0.479,0.51,0.472,0.461,0.109,0.088,0.092,0.114,0.119,0.121,0.119,0.101,0.127,0.123,0.125,0.117,0.115,0.093,0.092,0.092,0.102,0.101,0.104,0.098,0.094,0.099,0.095,0.117,0.089,0.09,0.088,0.093,0.088,0.097,0.091,0.099,0.095,0.095,0.089,0.09,0.095,0.089
5:19:10,30.1,0.115,0.086,0.089,0.087,0.09,0.087,0.088,0.086,0.088,0.09,0.087,0.088,0.085,0.979,0.995,0.922,0.847,0.106,0.806,0.843,0.795,0.758,0.113,0.086,0.087,1.429,1.533,1.458,1.321,0.113,0.669,0.596,0.718,0.558,0.113,0.083,0.093,1.063,1.043,0.877,0.82,0.111,0.622,0.65,0.632,0.556,0.113,0.089,0.089,0.629,0.671,0.638,0.556,0.111,0.502,0.535,0.456,0.457,0.108,0.088,0.092,0.115,0.122,0.121,0.118,0.1,0.126,0.124,0.125,0.118,0.115,0.093,0.092,0.091,0.102,0.101,0.104,0.097,0.094,0.1,0.095,0.117,0.089,0.09,0.088,0.093,0.088,0.097,0.091,0.099,0.095,0.095,0.089,0.09,0.095,0.089
5:29:10,30.1,0.115,0.086,0.089,0.086,0.09,0.087,0.088,0.086,0.088,0.09,0.087,0.088,0.084,1.014,1.03,0.958,0.88,0.106,0.822,0.86,0.811,0.772,0.112,0.089,0.087,1.47,1.568,1.499,1.365,0.113,0.675,0.602,0.724,0.563,0.114,0.083,0.093,1.092,1.072,0.907,0.851,0.111,0.631,0.659,0.64,0.564,0.113,0.088,0.089,0.643,0.668,0.688,0.575,0.112,0.515,0.539,0.444,0.476,0.109,0.088,0.092,0.115,0.116,0.121,0.119,0.101,0.127,0.123,0.125,0.119,0.115,0.093,0.092,0.091,0.102,0.101,0.104,0.098,0.094,0.1,0.095,0.117,0.089,0.09,0.088,0.093,0.088,0.097,0.091,0.099,0.095,0.094,0.089,0.09,0.095,0.089
5:39:10,30.1,0.116,0.086,0.089,0.086,0.09,0.087,0.088,0.086,0.088,0.09,0.087,0.088,0.085,1.05,1.063,0.992,0.914,0.106,0.839,0.877,0.827,0.788,0.113,0.086,0.087,1.511,1.603,1.538,1.411,0.117,0.681,0.608,0.729,0.568,0.114,0.083,0.093,1.123,1.102,0.937,0.88,0.111,0.64,0.667,0.649,0.571,0.113,0.089,0.089,0.668,0.677,0.73,0.602,0.112,0.521,0.544,0.478,0.436,0.109,0.088,0.092,0.115,0.116,0.122,0.119,0.101,0.128,0.123,0.125,0.12,0.115,0.093,0.092,0.092,0.102,0.101,0.104,0.098,0.094,0.099,0.095,0.117,0.089,0.089,0.088,0.093,0.088,0.097,0.091,0.099,0.095,0.095,0.089,0.09,0.095,0.089
5:49:10,30.1,0.115,0.086,0.089,0.087,0.09,0.087,0.088,0.086,0.088,0.09,0.087,0.088,0.085,1.087,1.097,1.026,0.946,0.107,0.855,0.891,0.841,0.802,0.113,0.086,0.087,1.55,1.636,1.573,1.452,0.115,0.686,0.612,0.735,0.572,0.114,0.083,0.093,1.151,1.13,0.967,0.907,0.112,0.649,0.676,0.656,0.579,0.113,0.089,0.089,0.681,0.712,0.751,0.661,0.112,0.522,0.545,0.447,0.463,0.109,0.088,0.092,0.115,0.115,0.122,0.12,0.1,0.129,0.126,0.126,0.119,0.115,0.093,0.092,0.091,0.102,0.101,0.104,0.097,0.094,0.099,0.095,0.117,0.089,0.089,0.088,0.093,0.088,0.097,0.091,0.099,0.095,0.095,0.089,0.09,0.095,0.09
5:59:10,30.1,0.115,0.087,0.089,0.087,0.09,0.087,0.088,0.086,0.088,0.095,0.087,0.088,0.084,1.121,1.131,1.061,0.979,0.107,0.869,0.906,0.857,0.815,0.113,0.086,0.087,1.584,1.665,1.609,1.492,0.116,0.692,0.618,0.74,0.576,0.114,0.083,0.092,1.179,1.161,0.997,0.938,0.112,0.657,0.684,0.664,0.587,0.113,0.088,0.089,0.697,0.692,0.768,0.668,0.113,0.533,0.548,0.461,0.457,0.11,0.088,0.093,0.112,0.113,0.122,0.12,0.1,0.129,0.124,0.127,0.119,0.115,0.093,0.092,0.091,0.102,0.101,0.104,0.097,0.094,0.099,0.095,0.117,0.089,0.089,0.088,0.093,0.089,0.097,0.091,0.099,0.095,0.095,0.089,0.09,0.095,0.089
6:09:10,30.1,0.116,0.086,0.089,0.087,0.09,0.087,0.088,0.086,0.088,0.09,0.087,0.089,0.084,1.158,1.163,1.095,1.011,0.107,0.884,0.92,0.869,0.829,0.113,0.089,0.087,1.617,1.692,1.641,1.531,0.116,0.696,0.622,0.745,0.58,0.113,0.083,0.093,1.205,1.185,1.026,0.965,0.111,0.664,0.692,0.67,0.593,0.113,0.088,0.089,0.712,0.729,0.782,0.648,0.112,0.53,0.532,0.456,0.471,0.109,0.088,0.092,0.114,0.116,0.122,0.12,0.101,0.128,0.124,0.127,0.119,0.115,0.093,0.092,0.091,0.102,0.101,0.104,0.098,0.094,0.099,0.095,0.117,0.089,0.089,0.088,0.093,0.088,0.097,0.091,0.099,0.095,0.095,0.089,0.09,0.095,0.089
6:19:10,30.1,0.115,0.087,0.089,0.086,0.09,0.087,0.088,0.086,0.088,0.094,0.087,0.088,0.084,1.194,1.196,1.132,1.045,0.107,0.895,0.933,0.883,0.841,0.112,0.086,0.087,1.647,1.717,1.672,1.567,0.116,0.701,0.627,0.751,0.585,0.114,0.083,0.092,1.232,1.213,1.057,0.997,0.112,0.673,0.701,0.677,0.6,0.113,0.088,0.089,0.728,0.692,0.806,0.689,0.113,0.543,0.554,0.467,0.474,0.109,0.088,0.092,0.116,0.118,0.122,0.12,0.1,0.129,0.125,0.126,0.119,0.115,0.093,0.092,0.091,0.102,0.101,0.104,0.097,0.094,0.099,0.095,0.117,0.089,0.088,0.088,0.093,0.089,0.097,0.091,0.099,0.095,0.095,0.089,0.09,0.095,0.089
6:29:10,30.1,0.115,0.086,0.089,0.086,0.09,0.087,0.088,0.086,0.088,0.095,0.087,0.089,0.084,1.23,1.231,1.167,1.078,0.107,0.908,0.947,0.896,0.854,0.113,0.085,0.087,1.676,1.74,1.7,1.602,0.117,0.706,0.632,0.755,0.589,0.114,0.083,0.092,1.254,1.24,1.09,1.024,0.112,0.68,0.71,0.684,0.607,0.113,0.089,0.089,0.745,0.736,0.784,0.719,0.113,0.55,0.482,0.513,0.47,0.11,0.088,0.092,0.114,0.117,0.123,0.121,0.101,0.13,0.126,0.127,0.12,0.116,0.093,0.092,0.091,0.102,0.101,0.105,0.098,0.094,0.099,0.095,0.117,0.089,0.088,0.088,0.093,0.089,0.097,0.091,0.099,0.095,0.095,0.089,0.09,0.095,0.089
6:39:10,30.1,0.115,0.086,0.089,0.087,0.09,0.087,0.088,0.086,0.088,0.09,0.087,0.089,0.084,1.265,1.266,1.204,1.115,0.107,0.92,0.959,0.907,0.864,0.112,0.085,0.087,1.704,1.763,1.726,1.634,0.117,0.71,0.634,0.76,0.592,0.113,0.083,0.092,1.276,1.264,1.119,1.055,0.112,0.689,0.716,0.691,0.613,0.113,0.089,0.089,0.764,0.783,0.784,0.74,0.113,0.553,0.548,0.51,0.458,0.109,0.088,0.092,0.115,0.116,0.123,0.121,0.101,0.13,0.125,0.127,0.119,0.116,0.093,0.092,0.091,0.102,0.101,0.105,0.098,0.094,0.1,0.095,0.117,0.089,0.089,0.088,0.093,0.089,0.097,0.091,0.099,0.095,0.095,0.089,0.09,0.095,0.089
6:49:10,30.1,0.115,0.087,0.089,0.087,0.09,0.087,0.088,0.086,0.088,0.09,0.087,0.089,0.084,1.302,1.299,1.237,1.149,0.108,0.933,0.972,0.92,0.876,0.112,0.086,0.087,1.728,1.782,1.75,1.663,0.118,0.715,0.64,0.764,0.597,0.114,0.083,0.092,1.299,1.283,1.147,1.084,0.113,0.697,0.724,0.698,0.62,0.113,0.089,0.089,0.776,0.774,0.802,0.724,0.113,0.558,0.538,0.539,0.485,0.11,0.088,0.092,0.116,0.117,0.124,0.122,0.101,0.132,0.126,0.128,0.122,0.116,0.093,0.092,0.091,0.102,0.101,0.105,0.098,0.094,0.1,0.095,0.117,0.089,0.088,0.088,0.093,0.089,0.097,0.091,0.099,0.095,0.095,0.089,0.09,0.095,0.089
6:59:10,30.1,0.115,0.086,0.089,0.086,0.09,0.087,0.088,0.086,0.088,0.102,0.087,0.089,0.084,1.337,1.332,1.27,1.184,0.107,0.943,0.983,0.93,0.886,0.112,0.086,0.088,1.751,1.801,1.774,1.691,0.119,0.718,0.643,0.767,0.599,0.113,0.083,0.092,1.318,1.307,1.179,1.112,0.113,0.704,0.731,0.704,0.626,0.113,0.089,0.089,0.798,0.808,0.826,0.743,0.114,0.555,0.509,0.532,0.486,0.109,0.088,0.092,0.116,0.116,0.124,0.122,0.102,0.131,0.126,0.128,0.12,0.116,0.093,0.092,0.091,0.102,0.101,0.105,0.098,0.095,0.099,0.095,0.117,0.089,0.088,0.088,0.093,0.089,0.097,0.091,0.099,0.095,0.095,0.089,0.09,0.095,0.089
7:09:10,30,0.116,0.087,0.089,0.086,0.09,0.087,0.088,0.086,0.088,0.09,0.087,0.089,0.084,1.372,1.365,1.304,1.219,0.108,0.953,0.993,0.942,0.897,0.112,0.086,0.088,1.772,1.819,1.795,1.717,0.117,0.722,0.648,0.772,0.603,0.114,0.083,0.092,1.337,1.327,1.205,1.141,0.114,0.711,0.739,0.711,0.632,0.114,0.089,0.089,0.818,0.816,0.85,0.791,0.114,0.563,0.555,0.528,0.477,0.11,0.088,0.092,0.117,0.118,0.125,0.123,0.101,0.132,0.128,0.128,0.12,0.116,0.093,0.092,0.091,0.102,0.101,0.105,0.098,0.095,0.099,0.095,0.117,0.089,0.088,0.088,0.093,0.089,0.097,0.091,0.099,0.095,0.095,0.089,0.09,0.095,0.089
7:19:10,30.1,0.115,0.086,0.089,0.087,0.09,0.087,0.088,0.086,0.089,0.09,0.087,0.089,0.084,1.405,1.398,1.339,1.254,0.109,0.965,1.004,0.953,0.907,0.112,0.086,0.088,1.792,1.836,1.815,1.742,0.118,0.726,0.651,0.775,0.606,0.113,0.083,0.093,1.357,1.346,1.235,1.171,0.114,0.718,0.746,0.718,0.638,0.113,0.088,0.089,0.835,0.854,0.876,0.818,0.114,0.561,0.557,0.526,0.464,0.109,0.087,0.092,0.116,0.121,0.126,0.123,0.101,0.133,0.127,0.129,0.123,0.116,0.093,0.092,0.092,0.102,0.101,0.105,0.098,0.095,0.1,0.095,0.117,0.089,0.089,0.088,0.093,0.089,0.097,0.091,0.099,0.095,0.095,0.089,0.09,0.095,0.089
7:29:10,30.1,0.116,0.087,0.089,0.087,0.09,0.087,0.088,0.086,0.089,0.09,0.087,0.089,0.084,1.438,1.431,1.373,1.288,0.109,0.974,1.015,0.963,0.918,0.112,0.085,0.088,1.809,1.853,1.835,1.766,0.117,0.73,0.655,0.779,0.609,0.114,0.083,0.092,1.374,1.369,1.261,1.198,0.114,0.726,0.753,0.725,0.644,0.113,0.088,0.089,0.852,0.846,0.899,0.835,0.115,0.537,0.569,0.577,0.473,0.11,0.087,0.092,0.116,0.114,0.126,0.124,0.102,0.133,0.128,0.129,0.121,0.116,0.093,0.092,0.091,0.102,0.101,0.105,0.098,0.095,0.1,0.095,0.117,0.089,0.088,0.088,0.093,0.089,0.097,0.091,0.099,0.095,0.095,0.089,0.09,0.095,0.089
7:39:10,30.1,0.116,0.087,0.089,0.086,0.09,0.087,0.088,0.086,0.089,0.09,0.087,0.089,0.084,1.468,1.461,1.404,1.321,0.109,0.983,1.026,0.973,0.927,0.112,0.085,0.088,1.827,1.867,1.854,1.789,0.121,0.733,0.659,0.785,0.613,0.114,0.083,0.092,1.392,1.389,1.286,1.223,0.115,0.733,0.762,0.732,0.651,0.114,0.088,0.089,0.874,0.899,0.926,0.862,0.116,0.566,0.574,0.575,0.499,0.11,0.087,0.092,0.116,0.116,0.127,0.124,0.102,0.133,0.128,0.129,0.123,0.116,0.093,0.092,0.091,0.102,0.101,0.105,0.098,0.095,0.1,0.095,0.117,0.089,0.088,0.088,0.093,0.089,0.097,0.091,0.099,0.095,0.095,0.089,0.09,0.095,0.089
7:49:10,30.1,0.115,0.086,0.089,0.086,0.09,0.087,0.088,0.086,0.088,0.091,0.087,0.088,0.084,1.495,1.49,1.433,1.355,0.109,0.993,1.034,0.982,0.936,0.112,0.086,0.088,1.843,1.881,1.87,1.808,0.12,0.736,0.661,0.788,0.616,0.114,0.083,0.092,1.407,1.405,1.309,1.25,0.115,0.739,0.767,0.738,0.655,0.114,0.088,0.089,0.894,0.916,0.949,0.883,0.115,0.539,0.555,0.524,0.513,0.11,0.087,0.092,0.117,0.116,0.127,0.124,0.103,0.134,0.128,0.129,0.122,0.116,0.093,0.092,0.091,0.102,0.101,0.105,0.098,0.095,0.1,0.095,0.117,0.089,0.088,0.088,0.093,0.089,0.097,0.091,0.099,0.095,0.095,0.089,0.09,0.095,0.089
7:59:10,30.1,0.115,0.087,0.089,0.087,0.09,0.087,0.088,0.086,0.088,0.09,0.087,0.089,0.084,1.52,1.515,1.465,1.386,0.109,1,1.043,0.992,0.943,0.112,0.086,0.088,1.857,1.893,1.886,1.828,0.121,0.739,0.664,0.791,0.619,0.114,0.083,0.092,1.424,1.422,1.332,1.277,0.116,0.745,0.774,0.743,0.66,0.113,0.088,0.089,0.916,0.935,0.976,0.901,0.115,0.571,0.577,0.583,0.48,0.109,0.087,0.092,0.116,0.123,0.127,0.124,0.102,0.132,0.128,0.129,0.123,0.116,0.093,0.092,0.091,0.102,0.101,0.105,0.098,0.095,0.1,0.095,0.117,0.089,0.088,0.088,0.093,0.089,0.097,0.091,0.099,0.095,0.095,0.089,0.09,0.095,0.089
8:09:10,30.1,0.115,0.086,0.089,0.087,0.09,0.087,0.088,0.086,0.088,0.09,0.087,0.089,0.084,1.542,1.539,1.492,1.417,0.11,1.009,1.05,0.999,0.954,0.113,0.086,0.088,1.871,1.904,1.9,1.844,0.122,0.742,0.667,0.795,0.621,0.115,0.083,0.092,1.44,1.439,1.356,1.302,0.117,0.752,0.781,0.75,0.666,0.114,0.088,0.089,0.939,0.963,1.004,0.932,0.117,0.549,0.525,0.567,0.507,0.111,0.087,0.092,0.117,0.118,0.128,0.125,0.103,0.134,0.13,0.13,0.123,0.116,0.093,0.092,0.091,0.102,0.101,0.105,0.098,0.095,0.1,0.095,0.117,0.089,0.088,0.088,0.093,0.089,0.097,0.091,0.099,0.095,0.095,0.089,0.09,0.095,0.089
8:19:10,30.1,0.115,0.086,0.089,0.087,0.09,0.087,0.088,0.086,0.089,0.09,0.087,0.089,0.084,1.561,1.56,1.514,1.445,0.111,1.019,1.061,1.006,0.962,0.113,0.086,0.088,1.883,1.916,1.914,1.861,0.121,0.744,0.671,0.798,0.624,0.115,0.083,0.092,1.455,1.455,1.375,1.325,0.117,0.76,0.788,0.755,0.672,0.114,0.088,0.089,0.962,0.978,1.03,0.954,0.116,0.574,0.487,0.569,0.512,0.11,0.087,0.092,0.117,0.117,0.128,0.125,0.102,0.133,0.131,0.129,0.122,0.116,0.093,0.092,0.091,0.102,0.102,0.105,0.098,0.095,0.1,0.095,0.117,0.089,0.088,0.088,0.093,0.089,0.097,0.091,0.099,0.095,0.095,0.089,0.09,0.095,0.089
8:29:10,30.1,0.116,0.087,0.089,0.086,0.09,0.087,0.088,0.086,0.088,0.09,0.087,0.089,0.084,1.576,1.577,1.535,1.469,0.11,1.027,1.068,1.015,0.97,0.113,0.086,0.088,1.895,1.926,1.927,1.874,0.121,0.747,0.673,0.801,0.626,0.114,0.083,0.092,1.471,1.471,1.394,1.346,0.117,0.765,0.794,0.76,0.677,0.114,0.088,0.089,0.985,1.005,1.057,0.975,0.117,0.575,0.58,0.581,0.513,0.111,0.087,0.092,0.118,0.119,0.129,0.126,0.104,0.136,0.131,0.13,0.125,0.117,0.093,0.092,0.091,0.102,0.102,0.106,0.099,0.095,0.099,0.095,0.117,0.089,0.088,0.088,0.093,0.089,0.097,0.091,0.099,0.095,0.095,0.089,0.09,0.095,0.089
8:39:10,30.1,0.115,0.086,0.089,0.087,0.09,0.087,0.088,0.086,0.089,0.09,0.087,0.089,0.084,1.59,1.593,1.553,1.49,0.11,1.034,1.077,1.024,0.975,0.113,0.086,0.087,1.904,1.935,1.938,1.888,0.121,0.749,0.675,0.804,0.628,0.114,0.083,0.092,1.486,1.487,1.414,1.37,0.117,0.771,0.801,0.765,0.681,0.114,0.088,0.089,1.009,1.027,1.085,0.996,0.118,0.578,0.54,0.591,0.507,0.11,0.087,0.092,0.118,0.118,0.129,0.126,0.103,0.135,0.129,0.131,0.123,0.117,0.093,0.092,0.091,0.102,0.102,0.106,0.099,0.095,0.1,0.095,0.117,0.089,0.088,0.088,0.093,0.089,0.097,0.091,0.099,0.095,0.095,0.089,0.09,0.095,0.089
8:49:10,30.1,0.115,0.086,0.089,0.087,0.09,0.087,0.088,0.086,0.088,0.09,0.087,0.089,0.084,1.602,1.606,1.567,1.508,0.111,1.042,1.084,1.032,0.984,0.112,0.086,0.087,1.914,1.944,1.949,1.901,0.122,0.751,0.677,0.807,0.63,0.114,0.083,0.092,1.5,1.502,1.432,1.389,0.118,0.778,0.806,0.77,0.686,0.114,0.089,0.089,1.035,1.051,1.112,1.021,0.118,0.575,0.561,0.589,0.499,0.111,0.087,0.092,0.117,0.123,0.129,0.126,0.103,0.136,0.129,0.13,0.125,0.116,0.093,0.092,0.091,0.102,0.102,0.106,0.099,0.095,0.1,0.095,0.117,0.089,0.088,0.088,0.093,0.089,0.096,0.091,0.099,0.095,0.095,0.089,0.09,0.095,0.089
8:59:10,30.1,0.115,0.086,0.089,0.086,0.09,0.087,0.088,0.086,0.089,0.09,0.087,0.089,0.084,1.611,1.616,1.579,1.524,0.111,1.05,1.092,1.04,0.991,0.113,0.086,0.087,1.922,1.951,1.958,1.912,0.122,0.754,0.681,0.809,0.633,0.114,0.083,0.092,1.513,1.516,1.452,1.408,0.118,0.783,0.814,0.775,0.692,0.114,0.088,0.089,1.059,1.08,1.139,1.046,0.119,0.571,0.583,0.591,0.518,0.111,0.087,0.092,0.119,0.119,0.13,0.126,0.103,0.136,0.133,0.132,0.126,0.116,0.093,0.092,0.091,0.102,0.102,0.106,0.099,0.095,0.1,0.095,0.117,0.089,0.088,0.089,0.093,0.089,0.097,0.091,0.099,0.095,0.095,0.089,0.09,0.095,0.089
9:09:10,30.1,0.116,0.086,0.089,0.087,0.09,0.087,0.088,0.086,0.089,0.09,0.087,0.089,0.084,1.622,1.625,1.589,1.538,0.111,1.055,1.099,1.049,1,0.113,0.087,0.087,1.93,1.959,1.968,1.923,0.123,0.756,0.682,0.813,0.635,0.114,0.083,0.092,1.526,1.53,1.467,1.426,0.119,0.789,0.819,0.78,0.697,0.114,0.088,0.089,1.083,1.105,1.167,1.073,0.118,0.569,0.583,0.592,0.516,0.11,0.087,0.093,0.116,0.119,0.129,0.126,0.103,0.135,0.13,0.131,0.125,0.117,0.093,0.092,0.091,0.102,0.102,0.106,0.099,0.095,0.1,0.095,0.117,0.089,0.088,0.088,0.093,0.089,0.097,0.091,0.099,0.095,0.095,0.089,0.09,0.095,0.089
9:19:10,30,0.116,0.086,0.089,0.087,0.09,0.087,0.088,0.086,0.089,0.09,0.087,0.089,0.084,1.629,1.634,1.599,1.549,0.112,1.062,1.105,1.054,1.005,0.113,0.086,0.087,1.938,1.966,1.976,1.933,0.124,0.758,0.685,0.815,0.638,0.114,0.083,0.092,1.541,1.544,1.482,1.441,0.119,0.795,0.825,0.785,0.702,0.114,0.089,0.089,1.107,1.131,1.191,1.1,0.119,0.568,0.587,0.598,0.516,0.11,0.087,0.092,0.118,0.118,0.129,0.126,0.103,0.136,0.131,0.131,0.126,0.116,0.093,0.092,0.091,0.102,0.102,0.106,0.099,0.095,0.1,0.095,0.117,0.089,0.089,0.088,0.093,0.089,0.097,0.091,0.099,0.095,0.095,0.089,0.09,0.095,0.089
9:29:10,30,0.115,0.086,0.089,0.087,0.09,0.087,0.088,0.086,0.088,0.09,0.087,0.089,0.084,1.638,1.643,1.609,1.557,0.111,1.069,1.111,1.06,1.012,0.113,0.086,0.087,1.946,1.972,1.983,1.941,0.123,0.76,0.687,0.818,0.639,0.114,0.083,0.092,1.554,1.556,1.499,1.46,0.119,0.8,0.83,0.791,0.706,0.113,0.088,0.089,1.132,1.155,1.219,1.127,0.119,0.568,0.589,0.598,0.52,0.11,0.087,0.092,0.118,0.119,0.13,0.127,0.104,0.136,0.136,0.131,0.125,0.117,0.093,0.092,0.091,0.102,0.102,0.106,0.099,0.095,0.1,0.095,0.117,0.089,0.089,0.088,0.093,0.089,0.096,0.091,0.099,0.095,0.095,0.089,0.09,0.095,0.089
9:39:10,30.1,0.116,0.086,0.089,0.087,0.09,0.087,0.088,0.086,0.088,0.094,0.087,0.089,0.084,1.645,1.65,1.616,1.567,0.112,1.076,1.117,1.066,1.018,0.113,0.09,0.087,1.951,1.977,1.991,1.95,0.124,0.762,0.69,0.82,0.642,0.114,0.083,0.092,1.567,1.57,1.517,1.476,0.12,0.807,0.835,0.796,0.711,0.114,0.088,0.089,1.159,1.178,1.244,1.153,0.12,0.571,0.592,0.598,0.522,0.111,0.087,0.092,0.118,0.118,0.131,0.127,0.103,0.138,0.131,0.132,0.123,0.117,0.093,0.092,0.091,0.102,0.102,0.106,0.099,0.095,0.101,0.095,0.117,0.089,0.089,0.088,0.093,0.089,0.096,0.091,0.099,0.095,0.095,0.089,0.09,0.095,0.089
9:49:10,30.1,0.115,0.086,0.089,0.087,0.09,0.087,0.088,0.086,0.088,0.09,0.087,0.089,0.084,1.651,1.655,1.623,1.574,0.112,1.083,1.124,1.074,1.025,0.113,0.086,0.087,1.958,1.984,1.997,1.957,0.125,0.764,0.692,0.822,0.644,0.114,0.083,0.092,1.578,1.582,1.531,1.494,0.12,0.812,0.841,0.801,0.715,0.114,0.088,0.089,1.184,1.203,1.27,1.179,0.12,0.573,0.587,0.604,0.502,0.111,0.087,0.092,0.118,0.121,0.131,0.127,0.104,0.136,0.131,0.131,0.124,0.117,0.093,0.092,0.091,0.102,0.102,0.106,0.099,0.095,0.1,0.095,0.117,0.089,0.089,0.088,0.093,0.089,0.096,0.091,0.099,0.095,0.095,0.089,0.09,0.095,0.089
9:59:10,30.1,0.116,0.086,0.089,0.087,0.09,0.087,0.088,0.086,0.089,0.09,0.087,0.089,0.085,1.656,1.661,1.631,1.583,0.112,1.088,1.131,1.08,1.031,0.113,0.086,0.087,1.962,1.988,2.003,1.964,0.123,0.767,0.694,0.825,0.646,0.114,0.083,0.092,1.589,1.595,1.547,1.509,0.12,0.817,0.846,0.805,0.72,0.114,0.089,0.089,1.208,1.227,1.295,1.203,0.12,0.575,0.596,0.6,0.482,0.11,0.087,0.092,0.119,0.12,0.131,0.127,0.104,0.137,0.132,0.131,0.123,0.117,0.093,0.092,0.091,0.102,0.102,0.106,0.099,0.095,0.1,0.095,0.117,0.089,0.089,0.088,0.093,0.089,0.097,0.091,0.099,0.095,0.095,0.089,0.09,0.095,0.089
10:09:10,30.1,0.115,0.086,0.089,0.087,0.09,0.087,0.088,0.086,0.089,0.096,0.087,0.089,0.084,1.661,1.666,1.635,1.59,0.113,1.095,1.136,1.086,1.035,0.113,0.087,0.087,1.968,1.991,2.009,1.97,0.125,0.768,0.695,0.827,0.648,0.114,0.083,0.092,1.602,1.61,1.563,1.524,0.12,0.822,0.853,0.809,0.724,0.114,0.088,0.089,1.234,1.251,1.319,1.227,0.121,0.577,0.598,0.604,0.469,0.111,0.087,0.092,0.117,0.123,0.132,0.128,0.105,0.137,0.132,0.131,0.126,0.117,0.093,0.092,0.091,0.102,0.102,0.106,0.099,0.096,0.101,0.095,0.117,0.089,0.089,0.088,0.093,0.089,0.096,0.091,0.099,0.095,0.095,0.089,0.09,0.095,0.089
10:19:10,30.1,0.116,0.086,0.089,0.087,0.09,0.087,0.088,0.086,0.089,0.09,0.087,0.089,0.085,1.665,1.67,1.641,1.596,0.113,1.1,1.141,1.091,1.041,0.113,0.086,0.087,1.972,1.995,2.014,1.977,0.124,0.769,0.697,0.829,0.649,0.114,0.083,0.092,1.614,1.621,1.577,1.541,0.12,0.827,0.857,0.814,0.729,0.114,0.088,0.089,1.259,1.275,1.346,1.254,0.121,0.58,0.594,0.602,0.467,0.111,0.087,0.092,0.119,0.123,0.132,0.128,0.105,0.138,0.133,0.132,0.123,0.117,0.093,0.092,0.091,0.102,0.102,0.106,0.099,0.095,0.1,0.096,0.117,0.089,0.089,0.088,0.093,0.089,0.096,0.091,0.099,0.095,0.095,0.089,0.09,0.095,0.089
10:29:10,30,0.116,0.086,0.089,0.087,0.09,0.087,0.088,0.086,0.089,0.09,0.087,0.089,0.084,1.669,1.673,1.645,1.601,0.113,1.107,1.148,1.098,1.047,0.113,0.086,0.087,1.974,1.998,2.018,1.982,0.123,0.771,0.698,0.831,0.651,0.114,0.083,0.092,1.625,1.633,1.591,1.555,0.12,0.831,0.861,0.817,0.732,0.113,0.089,0.089,1.282,1.3,1.369,1.277,0.12,0.582,0.592,0.602,0.461,0.11,0.087,0.092,0.119,0.122,0.132,0.128,0.104,0.137,0.132,0.131,0.123,0.117,0.093,0.092,0.091,0.102,0.102,0.106,0.099,0.095,0.1,0.095,0.117,0.089,0.088,0.088,0.093,0.089,0.096,0.091,0.099,0.095,0.095,0.089,0.09,0.095,0.089
10:39:10,30.1,0.116,0.086,0.089,0.087,0.09,0.087,0.088,0.086,0.088,0.09,0.087,0.089,0.084,1.671,1.676,1.649,1.606,0.113,1.112,1.153,1.104,1.054,0.113,0.086,0.087,1.977,2.001,2.023,1.987,0.124,0.774,0.701,0.833,0.653,0.114,0.083,0.092,1.635,1.645,1.607,1.569,0.121,0.839,0.866,0.823,0.738,0.114,0.088,0.089,1.307,1.324,1.393,1.302,0.122,0.584,0.604,0.604,0.462,0.111,0.087,0.092,0.119,0.121,0.132,0.128,0.105,0.137,0.135,0.132,0.126,0.117,0.093,0.092,0.091,0.102,0.102,0.106,0.099,0.096,0.101,0.096,0.117,0.089,0.089,0.088,0.093,0.089,0.096,0.091,0.099,0.095,0.095,0.089,0.09,0.095,0.089
10:49:10,30.1,0.115,0.087,0.089,0.087,0.09,0.087,0.088,0.086,0.088,0.09,0.087,0.089,0.085,1.675,1.678,1.651,1.611,0.113,1.117,1.159,1.109,1.059,0.113,0.086,0.087,1.979,2.002,2.026,1.992,0.124,0.776,0.702,0.835,0.654,0.114,0.083,0.092,1.644,1.657,1.62,1.581,0.121,0.843,0.872,0.826,0.74,0.114,0.088,0.089,1.33,1.348,1.415,1.328,0.121,0.586,0.596,0.608,0.464,0.11,0.087,0.092,0.118,0.128,0.133,0.128,0.103,0.137,0.132,0.132,0.124,0.117,0.093,0.091,0.091,0.102,0.102,0.106,0.099,0.095,0.1,0.095,0.117,0.089,0.088,0.088,0.093,0.089,0.096,0.091,0.099,0.095,0.095,0.089,0.09,0.095,0.089
10:59:10,30,0.115,0.086,0.089,0.087,0.09,0.087,0.088,0.086,0.089,0.09,0.087,0.089,0.084,1.677,1.682,1.654,1.614,0.113,1.123,1.166,1.112,1.066,0.113,0.086,0.087,1.98,2.003,2.029,1.997,0.125,0.777,0.704,0.837,0.656,0.114,0.083,0.092,1.651,1.667,1.632,1.598,0.121,0.849,0.877,0.832,0.744,0.114,0.088,0.089,1.354,1.371,1.439,1.351,0.122,0.588,0.604,0.61,0.466,0.111,0.087,0.092,0.118,0.129,0.133,0.129,0.105,0.137,0.132,0.132,0.127,0.117,0.093,0.091,0.091,0.102,0.102,0.106,0.099,0.095,0.1,0.095,0.117,0.089,0.089,0.088,0.093,0.089,0.096,0.091,0.099,0.095,0.095,0.089,0.09,0.095,0.089
11:09:10,30,0.115,0.086,0.089,0.087,0.09,0.087,0.088,0.086,0.089,0.09,0.087,0.089,0.084,1.68,1.684,1.656,1.615,0.113,1.126,1.169,1.119,1.067,0.113,0.086,0.087,1.982,2.004,2.032,2,0.125,0.779,0.706,0.839,0.658,0.114,0.083,0.092,1.657,1.678,1.647,1.612,0.121,0.854,0.881,0.835,0.749,0.113,0.088,0.089,1.377,1.393,1.461,1.373,0.121,0.589,0.598,0.61,0.468,0.11,0.087,0.092,0.118,0.119,0.134,0.128,0.105,0.137,0.137,0.132,0.124,0.117,0.093,0.092,0.091,0.102,0.102,0.106,0.099,0.095,0.1,0.095,0.117,0.089,0.089,0.088,0.093,0.089,0.096,0.091,0.099,0.095,0.095,0.089,0.09,0.095,0.089
11:19:10,30.1,0.115,0.087,0.089,0.087,0.09,0.087,0.088,0.086,0.088,0.09,0.087,0.089,0.085,1.68,1.687,1.658,1.617,0.113,1.13,1.173,1.123,1.072,0.113,0.086,0.087,1.982,2.005,2.034,2.003,0.126,0.78,0.708,0.841,0.659,0.114,0.083,0.092,1.665,1.686,1.661,1.625,0.122,0.858,0.888,0.84,0.754,0.114,0.089,0.089,1.398,1.417,1.484,1.397,0.122,0.591,0.604,0.61,0.47,0.111,0.087,0.093,0.119,0.124,0.135,0.129,0.103,0.138,0.134,0.134,0.124,0.117,0.093,0.091,0.091,0.102,0.102,0.106,0.099,0.095,0.1,0.095,0.117,0.089,0.089,0.089,0.093,0.089,0.096,0.091,0.099,0.095,0.095,0.089,0.09,0.095,0.089
11:29:10,30.1,0.115,0.086,0.089,0.087,0.09,0.087,0.088,0.086,0.088,0.09,0.087,0.089,0.084,1.681,1.687,1.66,1.62,0.113,1.136,1.178,1.127,1.077,0.113,0.086,0.087,1.981,2.004,2.036,2.004,0.125,0.782,0.709,0.843,0.661,0.114,0.083,0.092,1.67,1.696,1.673,1.639,0.122,0.863,0.891,0.843,0.758,0.113,0.088,0.089,1.421,1.439,1.503,1.42,0.122,0.593,0.607,0.61,0.471,0.11,0.087,0.092,0.118,0.127,0.135,0.129,0.105,0.139,0.133,0.132,0.126,0.117,0.093,0.091,0.091,0.102,0.102,0.106,0.099,0.096,0.1,0.095,0.117,0.089,0.088,0.088,0.093,0.089,0.096,0.091,0.099,0.095,0.094,0.089,0.09,0.095,0.089
11:39:10,30,0.115,0.086,0.089,0.087,0.09,0.087,0.088,0.086,0.088,0.09,0.087,0.089,0.084,1.682,1.687,1.66,1.623,0.114,1.142,1.183,1.134,1.082,0.113,0.085,0.087,1.981,2.005,2.036,2.007,0.125,0.784,0.711,0.845,0.662,0.114,0.083,0.092,1.677,1.706,1.686,1.651,0.122,0.868,0.895,0.848,0.761,0.113,0.089,0.089,1.44,1.46,1.525,1.443,0.122,0.594,0.608,0.611,0.473,0.11,0.087,0.092,0.118,0.123,0.136,0.129,0.104,0.138,0.134,0.134,0.125,0.116,0.093,0.091,0.091,0.102,0.102,0.106,0.099,0.095,0.1,0.095,0.117,0.089,0.089,0.088,0.093,0.089,0.096,0.091,0.099,0.095,0.094,0.089,0.09,0.095,0.089
11:49:10,30,0.116,0.086,0.089,0.087,0.09,0.087,0.088,0.086,0.088,0.093,0.087,0.089,0.085,1.683,1.689,1.661,1.624,0.113,1.144,1.188,1.138,1.085,0.113,0.086,0.087,1.982,2.005,2.037,2.007,0.127,0.785,0.712,0.847,0.663,0.114,0.083,0.092,1.687,1.714,1.698,1.663,0.122,0.873,0.9,0.852,0.766,0.113,0.088,0.089,1.462,1.483,1.544,1.463,0.123,0.596,0.609,0.613,0.475,0.111,0.087,0.092,0.118,0.12,0.138,0.13,0.105,0.138,0.136,0.133,0.126,0.117,0.093,0.091,0.091,0.102,0.102,0.106,0.099,0.096,0.1,0.095,0.117,0.089,0.089,0.089,0.093,0.089,0.096,0.091,0.099,0.095,0.094,0.089,0.09,0.095,0.089
11:59:10,30.1,0.116,0.087,0.089,0.087,0.09,0.087,0.088,0.086,0.088,0.09,0.087,0.089,0.084,1.684,1.69,1.662,1.625,0.114,1.151,1.191,1.143,1.09,0.113,0.086,0.087,1.981,2.005,2.037,2.008,0.126,0.787,0.714,0.848,0.665,0.114,0.083,0.092,1.694,1.722,1.709,1.676,0.122,0.877,0.904,0.855,0.769,0.113,0.089,0.089,1.482,1.504,1.561,1.484,0.123,0.598,0.611,0.615,0.477,0.111,0.087,0.092,0.12,0.125,0.139,0.13,0.105,0.139,0.137,0.133,0.126,0.117,0.093,0.091,0.091,0.102,0.102,0.107,0.099,0.096,0.1,0.095,0.117,0.089,0.089,0.089,0.093,0.089,0.096,0.091,0.099,0.095,0.094,0.089,0.09,0.095,0.089
12:09:10,30.1,0.115,0.087,0.089,0.087,0.09,0.087,0.088,0.086,0.088,0.09,0.087,0.089,0.084,1.684,1.69,1.663,1.627,0.114,1.154,1.197,1.147,1.093,0.113,0.086,0.087,1.981,2.005,2.037,2.009,0.126,0.788,0.715,0.85,0.666,0.114,0.083,0.092,1.701,1.729,1.719,1.688,0.123,0.882,0.91,0.86,0.773,0.113,0.088,0.089,1.502,1.524,1.58,1.504,0.124,0.6,0.612,0.616,0.478,0.111,0.087,0.092,0.119,0.125,0.14,0.13,0.105,0.139,0.137,0.134,0.127,0.117,0.093,0.091,0.091,0.102,0.102,0.107,0.099,0.096,0.1,0.096,0.117,0.089,0.089,0.088,0.093,0.089,0.096,0.091,0.099,0.095,0.094,0.089,0.09,0.095,0.089
12:19:10,30.1,0.116,0.087,0.089,0.087,0.09,0.087,0.088,0.086,0.088,0.105,0.088,0.089,0.084,1.685,1.69,1.663,1.627,0.114,1.158,1.202,1.153,1.097,0.113,0.086,0.087,1.98,2.005,2.036,2.01,0.127,0.79,0.717,0.852,0.668,0.114,0.083,0.092,1.708,1.736,1.729,1.7,0.123,0.886,0.914,0.863,0.775,0.113,0.089,0.089,1.519,1.543,1.597,1.523,0.123,0.602,0.613,0.617,0.479,0.11,0.087,0.092,0.118,0.12,0.14,0.13,0.104,0.138,0.136,0.133,0.125,0.116,0.093,0.091,0.091,0.102,0.102,0.106,0.099,0.095,0.1,0.095,0.117,0.089,0.089,0.088,0.093,0.089,0.096,0.091,0.099,0.095,0.094,0.089,0.09,0.095,0.089
12:29:10,30.1,0.116,0.086,0.089,0.087,0.09,0.087,0.088,0.086,0.088,0.09,0.087,0.089,0.084,1.686,1.689,1.663,1.627,0.114,1.162,1.205,1.159,1.101,0.113,0.086,0.087,1.98,2.004,2.038,2.009,0.127,0.791,0.719,0.854,0.669,0.114,0.083,0.092,1.714,1.742,1.739,1.711,0.124,0.89,0.919,0.867,0.78,0.113,0.088,0.089,1.54,1.562,1.615,1.542,0.123,0.603,0.614,0.619,0.482,0.11,0.087,0.092,0.12,0.124,0.142,0.131,0.105,0.139,0.134,0.133,0.126,0.117,0.093,0.091,0.091,0.102,0.102,0.107,0.099,0.096,0.099,0.095,0.117,0.089,0.088,0.088,0.093,0.089,0.096,0.091,0.099,0.095,0.094,0.089,0.09,0.095,0.089
12:39:10,30,0.115,0.086,0.089,0.087,0.09,0.087,0.088,0.086,0.088,0.09,0.087,0.089,0.085,1.686,1.69,1.664,1.627,0.115,1.167,1.21,1.163,1.106,0.113,0.086,0.087,1.979,2.003,2.038,2.01,0.128,0.793,0.72,0.856,0.67,0.114,0.083,0.092,1.72,1.749,1.749,1.721,0.124,0.895,0.923,0.871,0.783,0.113,0.089,0.089,1.558,1.58,1.631,1.56,0.124,0.606,0.616,0.62,0.483,0.111,0.087,0.092,0.12,0.127,0.143,0.131,0.105,0.139,0.135,0.134,0.125,0.117,0.093,0.091,0.091,0.102,0.102,0.107,0.099,0.096,0.1,0.095,0.117,0.089,0.089,0.088,0.093,0.089,0.096,0.091,0.099,0.095,0.094,0.089,0.09,0.095,0.089
12:49:10,30,0.115,0.086,0.089,0.087,0.09,0.087,0.088,0.086,0.089,0.09,0.087,0.088,0.084,1.686,1.691,1.665,1.628,0.114,1.17,1.212,1.165,1.11,0.113,0.086,0.087,1.979,2.002,2.037,2.009,0.126,0.793,0.722,0.856,0.671,0.113,0.083,0.092,1.723,1.757,1.756,1.732,0.124,0.896,0.926,0.875,0.785,0.113,0.089,0.089,1.573,1.598,1.646,1.578,0.123,0.607,0.617,0.62,0.484,0.11,0.087,0.092,0.12,0.123,0.145,0.131,0.104,0.139,0.136,0.133,0.127,0.116,0.093,0.091,0.091,0.102,0.102,0.106,0.099,0.096,0.1,0.095,0.117,0.089,0.089,0.088,0.093,0.089,0.096,0.091,0.099,0.095,0.094,0.089,0.09,0.095,0.089
12:59:10,30.1,0.115,0.087,0.089,0.087,0.09,0.087,0.088,0.086,0.088,0.09,0.087,0.088,0.084,1.687,1.691,1.664,1.627,0.115,1.174,1.217,1.169,1.115,0.113,0.086,0.087,1.979,2.004,2.036,2.008,0.127,0.795,0.724,0.857,0.673,0.114,0.083,0.092,1.728,1.761,1.765,1.74,0.124,0.902,0.933,0.879,0.789,0.113,0.088,0.089,1.587,1.615,1.659,1.596,0.124,0.608,0.619,0.623,0.486,0.111,0.087,0.092,0.12,0.125,0.148,0.132,0.106,0.142,0.14,0.136,0.127,0.117,0.093,0.091,0.091,0.102,0.103,0.107,0.1,0.096,0.1,0.096,0.117,0.089,0.089,0.089,0.093,0.089,0.096,0.091,0.099,0.095,0.094,0.089,0.09,0.095,0.089
13:09:10,30.1,0.116,0.086,0.089,0.087,0.09,0.087,0.088,0.086,0.088,0.09,0.087,0.088,0.084,1.687,1.691,1.665,1.628,0.115,1.177,1.221,1.173,1.118,0.113,0.086,0.087,1.979,2.003,2.036,2.008,0.127,0.796,0.725,0.858,0.674,0.114,0.083,0.092,1.731,1.764,1.772,1.748,0.124,0.905,0.934,0.882,0.792,0.114,0.088,0.089,1.602,1.629,1.674,1.611,0.125,0.61,0.621,0.624,0.489,0.111,0.087,0.093,0.12,0.127,0.15,0.132,0.106,0.141,0.134,0.136,0.126,0.117,0.093,0.091,0.091,0.102,0.102,0.107,0.099,0.096,0.1,0.095,0.117,0.088,0.088,0.088,0.093,0.089,0.096,0.091,0.099,0.095,0.094,0.089,0.09,0.095,0.089
13:19:10,30,0.115,0.086,0.089,0.087,0.09,0.087,0.088,0.086,0.088,0.099,0.087,0.088,0.084,1.688,1.691,1.666,1.628,0.116,1.183,1.224,1.176,1.122,0.113,0.086,0.087,1.978,2.003,2.037,2.008,0.127,0.798,0.726,0.859,0.675,0.114,0.083,0.092,1.733,1.767,1.774,1.754,0.125,0.909,0.939,0.886,0.795,0.114,0.089,0.089,1.616,1.645,1.686,1.626,0.125,0.611,0.623,0.625,0.491,0.112,0.087,0.092,0.12,0.124,0.153,0.132,0.105,0.141,0.141,0.136,0.129,0.117,0.093,0.091,0.091,0.102,0.102,0.107,0.099,0.096,0.1,0.096,0.117,0.088,0.088,0.088,0.093,0.089,0.096,0.091,0.099,0.095,0.094,0.089,0.09,0.095,0.089
13:29:10,30,0.116,0.086,0.089,0.087,0.09,0.087,0.088,0.086,0.088,0.094,0.087,0.088,0.084,1.689,1.691,1.667,1.628,0.116,1.184,1.228,1.183,1.123,0.113,0.086,0.088,1.977,2.002,2.035,2.007,0.128,0.799,0.728,0.861,0.677,0.114,0.083,0.092,1.733,1.77,1.777,1.76,0.126,0.913,0.942,0.89,0.799,0.114,0.088,0.089,1.63,1.659,1.698,1.641,0.125,0.612,0.625,0.626,0.492,0.111,0.087,0.092,0.12,0.13,0.154,0.132,0.106,0.141,0.138,0.136,0.126,0.117,0.093,0.091,0.091,0.102,0.102,0.107,0.099,0.096,0.1,0.095,0.117,0.089,0.089,0.088,0.093,0.089,0.096,0.091,0.099,0.095,0.094,0.089,0.09,0.095,0.089
13:39:10,30.1,0.115,0.086,0.089,0.087,0.09,0.087,0.088,0.086,0.088,0.091,0.087,0.089,0.084,1.689,1.691,1.666,1.628,0.115,1.186,1.23,1.184,1.127,0.113,0.086,0.087,1.977,2.002,2.036,2.007,0.129,0.8,0.729,0.861,0.678,0.114,0.083,0.092,1.735,1.773,1.781,1.766,0.126,0.917,0.946,0.893,0.801,0.113,0.088,0.089,1.643,1.671,1.71,1.654,0.125,0.614,0.626,0.627,0.493,0.111,0.087,0.092,0.119,0.125,0.158,0.133,0.106,0.141,0.135,0.137,0.129,0.117,0.093,0.091,0.091,0.102,0.103,0.107,0.1,0.096,0.101,0.096,0.117,0.088,0.088,0.088,0.093,0.089,0.096,0.091,0.099,0.095,0.094,0.089,0.09,0.095,0.089
13:49:10,30.1,0.116,0.086,0.089,0.087,0.09,0.087,0.088,0.086,0.088,0.09,0.087,0.088,0.084,1.69,1.692,1.667,1.628,0.115,1.19,1.233,1.188,1.13,0.113,0.086,0.088,1.977,2.002,2.035,2.007,0.128,0.801,0.73,0.862,0.679,0.114,0.083,0.092,1.735,1.776,1.785,1.772,0.126,0.921,0.95,0.896,0.805,0.113,0.088,0.089,1.656,1.685,1.722,1.666,0.126,0.616,0.627,0.628,0.495,0.111,0.087,0.092,0.118,0.126,0.161,0.133,0.107,0.143,0.139,0.135,0.129,0.117,0.093,0.091,0.091,0.102,0.103,0.107,0.1,0.096,0.1,0.096,0.117,0.088,0.088,0.088,0.093,0.089,0.096,0.091,0.099,0.095,0.094,0.089,0.09,0.095,0.089
13:59:10,30.1,0.116,0.086,0.089,0.087,0.09,0.087,0.088,0.086,0.088,0.09,0.087,0.088,0.084,1.69,1.693,1.669,1.63,0.115,1.195,1.237,1.189,1.133,0.113,0.085,0.088,1.975,2,2.035,2.006,0.129,0.803,0.732,0.863,0.68,0.114,0.083,0.092,1.735,1.777,1.789,1.778,0.126,0.925,0.954,0.898,0.807,0.114,0.088,0.089,1.666,1.697,1.732,1.679,0.126,0.618,0.629,0.631,0.497,0.112,0.087,0.092,0.121,0.13,0.165,0.133,0.107,0.142,0.142,0.137,0.127,0.117,0.093,0.091,0.091,0.102,0.102,0.107,0.1,0.096,0.1,0.096,0.117,0.088,0.088,0.088,0.093,0.089,0.096,0.091,0.099,0.095,0.094,0.089,0.09,0.095,0.089
14:09:10,30.1,0.115,0.087,0.089,0.087,0.09,0.087,0.088,0.086,0.088,0.09,0.087,0.089,0.084,1.691,1.693,1.669,1.629,0.116,1.198,1.24,1.193,1.136,0.113,0.086,0.088,1.976,2.001,2.035,2.006,0.127,0.803,0.733,0.864,0.681,0.114,0.083,0.092,1.735,1.778,1.791,1.782,0.126,0.929,0.957,0.902,0.81,0.113,0.089,0.089,1.676,1.707,1.741,1.691,0.126,0.619,0.63,0.631,0.498,0.111,0.087,0.092,0.12,0.129,0.17,0.133,0.107,0.142,0.142,0.135,0.127,0.117,0.093,0.091,0.091,0.102,0.102,0.107,0.1,0.096,0.1,0.096,0.117,0.089,0.089,0.088,0.093,0.089,0.096,0.091,0.099,0.095,0.094,0.089,0.09,0.095,0.089
14:19:10,30.1,0.116,0.086,0.089,0.087,0.09,0.087,0.088,0.086,0.088,0.09,0.087,0.089,0.084,1.691,1.693,1.669,1.629,0.116,1.2,1.244,1.196,1.139,0.113,0.086,0.087,1.975,2,2.035,2.006,0.127,0.804,0.734,0.865,0.682,0.114,0.083,0.092,1.734,1.778,1.795,1.785,0.126,0.93,0.964,0.906,0.813,0.113,0.088,0.089,1.687,1.719,1.75,1.702,0.126,0.621,0.632,0.631,0.499,0.111,0.087,0.092,0.119,0.124,0.174,0.133,0.106,0.142,0.136,0.137,0.127,0.117,0.093,0.091,0.091,0.102,0.102,0.107,0.1,0.096,0.1,0.096,0.117,0.088,0.088,0.088,0.093,0.089,0.096,0.091,0.098,0.095,0.094,0.089,0.09,0.095,0.089
14:29:10,30.1,0.116,0.086,0.089,0.087,0.09,0.087,0.088,0.086,0.088,0.09,0.087,0.089,0.084,1.691,1.693,1.669,1.63,0.117,1.205,1.246,1.201,1.141,0.114,0.086,0.088,1.974,1.999,2.034,2.005,0.128,0.805,0.735,0.866,0.683,0.114,0.083,0.092,1.733,1.779,1.797,1.787,0.127,0.935,0.966,0.909,0.817,0.114,0.088,0.088,1.695,1.729,1.759,1.712,0.127,0.623,0.635,0.633,0.501,0.111,0.087,0.092,0.121,0.133,0.178,0.134,0.106,0.143,0.143,0.137,0.128,0.117,0.093,0.091,0.091,0.103,0.102,0.107,0.099,0.096,0.101,0.095,0.117,0.088,0.088,0.088,0.093,0.089,0.096,0.091,0.098,0.095,0.094,0.089,0.09,0.095,0.089
14:39:10,30.1,0.116,0.087,0.089,0.087,0.09,0.087,0.088,0.086,0.088,0.09,0.087,0.089,0.084,1.691,1.694,1.669,1.63,0.116,1.209,1.249,1.202,1.145,0.113,0.086,0.088,1.974,1.999,2.033,2.004,0.128,0.806,0.737,0.866,0.684,0.113,0.083,0.092,1.732,1.778,1.799,1.789,0.126,0.938,0.969,0.911,0.819,0.113,0.088,0.089,1.705,1.739,1.765,1.719,0.126,0.624,0.636,0.634,0.502,0.111,0.087,0.093,0.12,0.129,0.182,0.133,0.106,0.142,0.141,0.136,0.13,0.117,0.093,0.091,0.091,0.102,0.102,0.107,0.1,0.096,0.1,0.096,0.117,0.089,0.089,0.088,0.093,0.089,0.096,0.091,0.098,0.095,0.094,0.089,0.09,0.095,0.089
14:49:10,30.1,0.116,0.087,0.089,0.087,0.09,0.087,0.088,0.086,0.088,0.09,0.087,0.089,0.084,1.691,1.694,1.669,1.631,0.116,1.21,1.252,1.207,1.147,0.113,0.085,0.088,1.973,1.999,2.032,2.003,0.127,0.807,0.737,0.867,0.684,0.114,0.083,0.092,1.73,1.777,1.8,1.79,0.126,0.941,0.972,0.914,0.822,0.113,0.088,0.089,1.714,1.747,1.772,1.729,0.126,0.625,0.637,0.635,0.503,0.111,0.087,0.092,0.12,0.128,0.188,0.133,0.107,0.142,0.136,0.137,0.127,0.117,0.093,0.091,0.091,0.102,0.103,0.107,0.1,0.096,0.1,0.096,0.117,0.088,0.089,0.088,0.093,0.089,0.096,0.091,0.099,0.095,0.094,0.089,0.09,0.095,0.089
14:59:10,30,0.116,0.086,0.089,0.087,0.09,0.087,0.088,0.086,0.088,0.09,0.087,0.089,0.084,1.691,1.694,1.67,1.63,0.116,1.213,1.255,1.209,1.151,0.113,0.085,0.088,1.972,1.998,2.031,2.003,0.128,0.808,0.739,0.867,0.685,0.113,0.083,0.092,1.73,1.777,1.802,1.79,0.127,0.944,0.975,0.916,0.825,0.113,0.088,0.089,1.72,1.755,1.78,1.738,0.126,0.627,0.639,0.636,0.505,0.111,0.087,0.092,0.12,0.128,0.194,0.134,0.105,0.144,0.136,0.137,0.13,0.117,0.093,0.091,0.091,0.102,0.102,0.107,0.099,0.096,0.1,0.096,0.117,0.088,0.089,0.088,0.093,0.089,0.096,0.091,0.098,0.095,0.094,0.089,0.09,0.095,0.089
15:09:10,30.1,0.115,0.086,0.089,0.087,0.09,0.087,0.088,0.086,0.088,0.09,0.087,0.088,0.084,1.692,1.694,1.671,1.631,0.116,1.216,1.258,1.21,1.154,0.113,0.085,0.088,1.971,1.998,2.031,2.002,0.129,0.809,0.74,0.868,0.686,0.113,0.083,0.092,1.728,1.776,1.803,1.79,0.127,0.949,0.979,0.919,0.827,0.113,0.088,0.088,1.728,1.764,1.787,1.745,0.126,0.628,0.64,0.637,0.506,0.111,0.087,0.092,0.119,0.131,0.2,0.134,0.107,0.143,0.143,0.136,0.13,0.117,0.093,0.091,0.091,0.102,0.102,0.107,0.1,0.096,0.1,0.095,0.117,0.088,0.089,0.088,0.093,0.089,0.096,0.091,0.098,0.095,0.094,0.089,0.09,0.095,0.089
15:19:10,30,0.116,0.086,0.089,0.087,0.09,0.087,0.088,0.086,0.088,0.09,0.087,0.088,0.084,1.692,1.695,1.671,1.63,0.117,1.218,1.259,1.214,1.155,0.113,0.085,0.088,1.972,1.997,2.03,2.002,0.13,0.81,0.741,0.869,0.687,0.113,0.083,0.092,1.727,1.776,1.804,1.791,0.127,0.953,0.981,0.922,0.829,0.113,0.088,0.089,1.736,1.771,1.792,1.751,0.126,0.631,0.641,0.638,0.506,0.111,0.087,0.092,0.121,0.128,0.206,0.133,0.106,0.142,0.136,0.136,0.128,0.116,0.093,0.091,0.091,0.102,0.102,0.107,0.099,0.096,0.099,0.095,0.117,0.088,0.089,0.088,0.093,0.089,0.096,0.091,0.098,0.095,0.094,0.089,0.09,0.095,0.089
15:29:10,30.1,0.116,0.087,0.089,0.087,0.09,0.087,0.088,0.086,0.088,0.09,0.087,0.088,0.084,1.691,1.695,1.671,1.631,0.116,1.222,1.26,1.217,1.158,0.113,0.085,0.088,1.97,1.996,2.031,2.001,0.128,0.81,0.741,0.869,0.688,0.113,0.083,0.092,1.726,1.775,1.802,1.792,0.126,0.954,0.985,0.926,0.832,0.113,0.089,0.089,1.743,1.778,1.799,1.76,0.126,0.632,0.642,0.638,0.508,0.111,0.087,0.092,0.119,0.128,0.214,0.134,0.105,0.143,0.136,0.136,0.129,0.117,0.093,0.091,0.091,0.102,0.102,0.107,0.1,0.096,0.1,0.096,0.117,0.088,0.089,0.088,0.093,0.089,0.096,0.091,0.098,0.095,0.094,0.089,0.09,0.095,0.089
15:39:10,30.1,0.116,0.086,0.089,0.087,0.09,0.087,0.088,0.086,0.088,0.09,0.087,0.088,0.084,1.692,1.695,1.671,1.631,0.117,1.224,1.263,1.221,1.16,0.113,0.085,0.088,1.97,1.996,2.029,2,0.128,0.811,0.743,0.87,0.688,0.113,0.083,0.092,1.725,1.774,1.802,1.792,0.127,0.957,0.987,0.929,0.834,0.113,0.088,0.089,1.748,1.783,1.806,1.766,0.126,0.634,0.644,0.639,0.509,0.111,0.087,0.092,0.12,0.129,0.22,0.134,0.106,0.142,0.138,0.138,0.127,0.117,0.093,0.091,0.091,0.102,0.102,0.107,0.099,0.096,0.1,0.095,0.117,0.088,0.088,0.088,0.093,0.089,0.096,0.091,0.098,0.095,0.094,0.089,0.09,0.095,0.089
15:49:10,30.1,0.116,0.087,0.089,0.087,0.09,0.087,0.088,0.086,0.088,0.09,0.087,0.088,0.084,1.692,1.696,1.671,1.63,0.115,1.225,1.264,1.221,1.161,0.113,0.085,0.088,1.969,1.994,2.029,2,0.128,0.811,0.744,0.87,0.689,0.113,0.083,0.092,1.725,1.773,1.801,1.79,0.127,0.961,0.991,0.93,0.836,0.113,0.089,0.089,1.756,1.79,1.81,1.773,0.126,0.636,0.645,0.641,0.51,0.111,0.087,0.092,0.119,0.127,0.229,0.134,0.106,0.143,0.139,0.136,0.128,0.117,0.093,0.091,0.091,0.102,0.102,0.107,0.1,0.096,0.1,0.096,0.117,0.088,0.088,0.088,0.093,0.089,0.096,0.091,0.098,0.095,0.094,0.089,0.091,0.095,0.089
15:59:10,30.1,0.116,0.087,0.089,0.087,0.09,0.087,0.088,0.086,0.088,0.09,0.087,0.088,0.084,1.693,1.695,1.672,1.629,0.116,1.228,1.266,1.223,1.163,0.113,0.086,0.088,1.969,1.994,2.028,1.999,0.128,0.812,0.744,0.871,0.69,0.113,0.083,0.092,1.724,1.773,1.801,1.79,0.127,0.964,0.993,0.933,0.84,0.113,0.088,0.089,1.761,1.797,1.815,1.779,0.126,0.637,0.647,0.642,0.511,0.111,0.087,0.092,0.119,0.126,0.238,0.134,0.107,0.143,0.142,0.137,0.128,0.117,0.093,0.091,0.091,0.103,0.102,0.107,0.099,0.096,0.099,0.095,0.117,0.088,0.088,0.088,0.093,0.089,0.096,0.091,0.098,0.095,0.094,0.089,0.09,0.095,0.091
16:09:10,30,0.116,0.087,0.089,0.087,0.09,0.087,0.088,0.086,0.088,0.09,0.087,0.088,0.084,1.693,1.695,1.672,1.631,0.116,1.23,1.269,1.226,1.166,0.113,0.086,0.087,1.969,1.994,2.028,1.999,0.126,0.812,0.745,0.871,0.69,0.113,0.083,0.092,1.724,1.772,1.799,1.791,0.126,0.967,0.997,0.935,0.841,0.113,0.089,0.089,1.767,1.802,1.821,1.786,0.126,0.638,0.649,0.643,0.513,0.111,0.087,0.092,0.12,0.126,0.246,0.134,0.106,0.143,0.142,0.138,0.13,0.117,0.093,0.091,0.091,0.102,0.102,0.107,0.099,0.096,0.1,0.095,0.117,0.088,0.089,0.088,0.093,0.089,0.096,0.091,0.098,0.095,0.094,0.089,0.09,0.095,0.089
16:19:10,30.1,0.116,0.086,0.089,0.087,0.09,0.087,0.088,0.086,0.088,0.092,0.087,0.088,0.084,1.694,1.696,1.673,1.631,0.116,1.231,1.272,1.228,1.168,0.113,0.086,0.088,1.968,1.994,2.027,1.999,0.128,0.813,0.746,0.872,0.691,0.113,0.083,0.092,1.723,1.771,1.801,1.789,0.127,0.969,1,0.939,0.845,0.113,0.088,0.089,1.774,1.807,1.827,1.792,0.127,0.64,0.651,0.644,0.514,0.111,0.087,0.092,0.12,0.128,0.255,0.134,0.107,0.145,0.14,0.136,0.129,0.117,0.093,0.091,0.091,0.103,0.102,0.107,0.1,0.096,0.1,0.095,0.117,0.088,0.089,0.088,0.093,0.09,0.096,0.091,0.098,0.095,0.094,0.089,0.09,0.095,0.089
16:29:10,30,0.116,0.087,0.089,0.087,0.09,0.087,0.088,0.086,0.088,0.09,0.087,0.088,0.084,1.693,1.696,1.671,1.631,0.116,1.233,1.275,1.231,1.171,0.113,0.086,0.088,1.968,1.994,2.027,1.998,0.126,0.813,0.747,0.872,0.691,0.113,0.083,0.092,1.722,1.771,1.799,1.788,0.126,0.971,1.003,0.94,0.846,0.112,0.088,0.089,1.777,1.813,1.83,1.796,0.126,0.64,0.651,0.645,0.515,0.11,0.087,0.092,0.119,0.125,0.265,0.133,0.106,0.143,0.137,0.137,0.128,0.116,0.093,0.091,0.09,0.103,0.102,0.107,0.099,0.096,0.1,0.095,0.118,0.088,0.088,0.088,0.093,0.089,0.096,0.091,0.098,0.095,0.094,0.089,0.091,0.095,0.089
16:39:10,30,0.116,0.086,0.089,0.087,0.09,0.087,0.088,0.086,0.088,0.095,0.087,0.088,0.084,1.696,1.698,1.679,1.635,0.119,1.24,1.283,1.236,1.172,0.114,0.086,0.088,1.968,1.997,2.031,1.999,0.132,0.816,0.751,0.876,0.694,0.114,0.083,0.092,1.725,1.774,1.801,1.792,0.132,0.977,1.008,0.946,0.851,0.114,0.088,0.089,1.784,1.823,1.841,1.806,0.131,0.645,0.656,0.649,0.519,0.112,0.087,0.092,0.122,0.13,0.28,0.138,0.109,0.146,0.143,0.138,0.129,0.117,0.093,0.091,0.091,0.102,0.103,0.108,0.1,0.097,0.1,0.096,0.118,0.088,0.089,0.088,0.093,0.09,0.096,0.091,0.098,0.095,0.094,0.089,0.09,0.095,0.089
16:49:10,30,0.116,0.086,0.089,0.087,0.09,0.087,0.088,0.086,0.088,0.09,0.087,0.088,0.084,1.698,1.701,1.681,1.636,0.12,1.244,1.285,1.239,1.176,0.114,0.085,0.088,1.968,1.997,2.034,2,0.134,0.817,0.753,0.878,0.695,0.114,0.083,0.092,1.726,1.774,1.802,1.793,0.134,0.98,1.012,0.949,0.854,0.114,0.088,0.089,1.79,1.83,1.845,1.812,0.133,0.646,0.659,0.651,0.521,0.112,0.087,0.092,0.122,0.133,0.292,0.139,0.108,0.148,0.147,0.139,0.13,0.118,0.093,0.091,0.091,0.103,0.103,0.108,0.1,0.097,0.1,0.096,0.117,0.088,0.089,0.088,0.093,0.089,0.096,0.091,0.098,0.095,0.094,0.089,0.09,0.095,0.089
16:59:10,30,0.116,0.086,0.089,0.087,0.09,0.087,0.088,0.086,0.088,0.09,0.087,0.088,0.084,1.698,1.7,1.68,1.636,0.121,1.246,1.288,1.24,1.177,0.114,0.085,0.088,1.967,1.996,2.034,2.001,0.134,0.819,0.755,0.879,0.696,0.114,0.083,0.092,1.728,1.775,1.802,1.793,0.134,0.986,1.014,0.952,0.857,0.114,0.089,0.089,1.794,1.834,1.85,1.817,0.133,0.648,0.661,0.652,0.522,0.112,0.087,0.092,0.12,0.131,0.304,0.14,0.11,0.148,0.141,0.139,0.13,0.117,0.093,0.091,0.091,0.102,0.103,0.108,0.101,0.097,0.1,0.096,0.117,0.088,0.088,0.089,0.093,0.089,0.096,0.091,0.098,0.095,0.094,0.089,0.09,0.095,0.089
17:09:10,30,0.116,0.086,0.089,0.087,0.09,0.087,0.088,0.086,0.088,0.09,0.087,0.088,0.084,1.698,1.699,1.681,1.637,0.12,1.247,1.288,1.243,1.179,0.114,0.085,0.088,1.968,1.996,2.033,2,0.135,0.819,0.755,0.88,0.696,0.115,0.083,0.092,1.728,1.774,1.802,1.791,0.133,0.987,1.015,0.954,0.858,0.114,0.089,0.089,1.798,1.837,1.854,1.821,0.132,0.65,0.662,0.653,0.524,0.112,0.087,0.092,0.122,0.132,0.314,0.139,0.108,0.147,0.14,0.139,0.131,0.117,0.093,0.091,0.091,0.103,0.103,0.108,0.1,0.097,0.1,0.096,0.117,0.088,0.089,0.088,0.093,0.09,0.096,0.091,0.098,0.095,0.094,0.089,0.091,0.095,0.089
17:19:10,30,0.116,0.086,0.089,0.087,0.09,0.087,0.088,0.086,0.088,0.09,0.087,0.088,0.084,1.698,1.7,1.681,1.637,0.12,1.248,1.291,1.244,1.18,0.114,0.086,0.088,1.966,1.996,2.032,1.999,0.134,0.818,0.756,0.881,0.697,0.114,0.083,0.092,1.729,1.775,1.803,1.792,0.134,0.99,1.019,0.957,0.861,0.114,0.089,0.088,1.803,1.841,1.858,1.826,0.132,0.651,0.663,0.655,0.524,0.112,0.087,0.092,0.12,0.131,0.326,0.139,0.109,0.147,0.142,0.139,0.129,0.117,0.093,0.091,0.09,0.102,0.103,0.108,0.1,0.097,0.1,0.096,0.117,0.088,0.087,0.089,0.093,0.089,0.096,0.091,0.098,0.095,0.094,0.089,0.091,0.095,0.095
17:29:10,30.1,0.116,0.086,0.089,0.087,0.09,0.087,0.088,0.086,0.088,0.09,0.087,0.088,0.084,1.698,1.701,1.681,1.636,0.12,1.25,1.293,1.246,1.182,0.114,0.086,0.088,1.966,1.996,2.032,1.999,0.136,0.818,0.757,0.883,0.697,0.115,0.083,0.092,1.731,1.776,1.802,1.792,0.136,0.993,1.021,0.959,0.863,0.115,0.089,0.089,1.809,1.847,1.864,1.832,0.134,0.653,0.665,0.656,0.526,0.112,0.087,0.092,0.123,0.138,0.341,0.14,0.109,0.15,0.145,0.14,0.132,0.117,0.093,0.091,0.091,0.102,0.103,0.108,0.101,0.097,0.1,0.096,0.117,0.088,0.088,0.089,0.093,0.089,0.096,0.091,0.098,0.095,0.094,0.089,0.09,0.095,0.089
17:39:10,30.1,0.116,0.087,0.089,0.087,0.09,0.087,0.088,0.086,0.088,0.09,0.087,0.088,0.084,1.698,1.698,1.68,1.637,0.12,1.252,1.295,1.247,1.183,0.114,0.085,0.088,1.966,1.994,2.03,1.997,0.134,0.817,0.757,0.883,0.697,0.114,0.083,0.092,1.732,1.775,1.8,1.789,0.134,0.994,1.022,0.961,0.865,0.114,0.089,0.089,1.811,1.851,1.865,1.835,0.132,0.654,0.665,0.656,0.527,0.112,0.087,0.092,0.121,0.131,0.353,0.139,0.109,0.148,0.14,0.14,0.13,0.117,0.093,0.091,0.091,0.102,0.103,0.108,0.1,0.097,0.1,0.096,0.117,0.088,0.089,0.088,0.093,0.09,0.096,0.091,0.098,0.095,0.094,0.089,0.091,0.095,0.089
17:49:10,30,0.116,0.087,0.089,0.087,0.09,0.087,0.088,0.086,0.088,0.09,0.087,0.088,0.084,1.698,1.7,1.68,1.634,0.12,1.252,1.296,1.25,1.186,0.114,0.086,0.088,1.964,1.994,2.029,1.998,0.135,0.818,0.758,0.884,0.698,0.114,0.083,0.092,1.734,1.776,1.802,1.789,0.134,0.997,1.025,0.964,0.866,0.114,0.089,0.089,1.815,1.855,1.87,1.839,0.133,0.655,0.668,0.657,0.528,0.112,0.087,0.092,0.122,0.134,0.366,0.14,0.11,0.148,0.148,0.139,0.129,0.117,0.093,0.091,0.091,0.103,0.103,0.108,0.101,0.097,0.1,0.096,0.117,0.088,0.089,0.088,0.093,0.09,0.096,0.091,0.098,0.095,0.094,0.089,0.091,0.095,0.095
17:59:10,30.1,0.116,0.086,0.089,0.087,0.09,0.087,0.088,0.086,0.088,0.09,0.087,0.089,0.084,1.698,1.7,1.68,1.636,0.12,1.256,1.298,1.252,1.188,0.114,0.085,0.088,1.964,1.994,2.028,1.997,0.133,0.818,0.758,0.883,0.699,0.114,0.083,0.092,1.735,1.777,1.802,1.788,0.134,0.999,1.028,0.966,0.868,0.113,0.089,0.089,1.82,1.859,1.874,1.842,0.133,0.656,0.668,0.659,0.529,0.112,0.087,0.092,0.122,0.131,0.382,0.139,0.108,0.148,0.147,0.14,0.132,0.117,0.093,0.091,0.09,0.103,0.103,0.108,0.1,0.097,0.099,0.096,0.117,0.088,0.088,0.089,0.093,0.089,0.096,0.091,0.098,0.095,0.094,0.089,0.09,0.095,0.09
18:09:10,30,0.116,0.087,0.089,0.087,0.089,0.087,0.088,0.086,0.088,0.09,0.087,0.088,0.084,1.699,1.7,1.68,1.636,0.12,1.259,1.299,1.253,1.189,0.114,0.085,0.088,1.964,1.993,2.029,1.996,0.134,0.817,0.758,0.881,0.699,0.114,0.083,0.092,1.736,1.777,1.803,1.788,0.134,1.002,1.031,0.968,0.87,0.113,0.089,0.088,1.824,1.862,1.878,1.847,0.132,0.657,0.668,0.66,0.53,0.111,0.087,0.092,0.119,0.133,0.397,0.139,0.108,0.148,0.142,0.14,0.128,0.117,0.093,0.091,0.09,0.103,0.103,0.107,0.1,0.097,0.099,0.095,0.117,0.088,0.089,0.089,0.093,0.089,0.096,0.091,0.098,0.095,0.094,0.089,0.09,0.095,0.089