Time,A1,A2,A3,A4,A5,A6,A7,A8,A9,A10,A11,A12,B1,B2,B3,B4,B5,B6,B7,B8,B9,B10,B11,B12,C1,C2,C3,C4,C5,C6,C7,C8,C9,C10,C11,C12,D1,D2,D3,D4,D5,D6,D7,D8,D9,D10,D11,D12,E1,E2,E3,E4,E5,E6,E7,E8,E9,E10,E11,E12,F1,F2,F3,F4,F5,F6,F7,F8,F9,F10,F11,F12,G1,G2,G3,G4,G5,G6,G7,G8,G9,G10,G11,G12,H1,H2,H3,H4,H5,H6,H7,H8,H9,H10,H11,H12
0:09:10,0.082,0.086,0.082,0.084,0.081,0.081,0.082,0.105,0.102,0.081,0.082,0.083,0.081,0.1,0.1,0.129,0.099,0.084,0.102,0.117,0.103,0.478,0.083,0.082,0.081,0.101,0.104,0.106,0.103,0.085,0.095,0.127,0.102,0.099,0.083,0.082,0.082,0.129,0.105,0.129,0.106,0.082,0.099,0.104,0.113,0.1,0.082,0.087,0.083,0.098,0.1,0.11,0.107,0.086,0.104,0.108,0.109,0.111,0.084,0.083,0.083,0.096,0.097,0.096,0.103,0.085,0.116,0.111,0.114,0.76,0.083,0.083,0.085,0.095,0.102,0.115,0.112,0.086,0.106,0.114,0.633,0.341,0.082,0.081,0.082,0.152,0.103,0.108,0.105,0.083,0.109,0.118,0.118,0.131,0.082,0.082
0:19:10,0.082,0.086,0.082,0.084,0.081,0.082,0.082,0.106,0.102,0.082,0.082,0.083,0.081,0.096,0.101,0.13,0.099,0.084,0.104,0.118,0.104,0.449,0.084,0.082,0.081,0.103,0.105,0.108,0.105,0.085,0.096,0.128,0.103,0.101,0.083,0.082,0.083,0.129,0.107,0.129,0.108,0.082,0.102,0.106,0.115,0.1,0.083,0.086,0.083,0.103,0.103,0.111,0.108,0.086,0.104,0.11,0.109,0.112,0.084,0.083,0.083,0.099,0.098,0.096,0.104,0.085,0.118,0.112,0.116,0.763,0.084,0.083,0.085,0.096,0.105,0.115,0.113,0.086,0.106,0.114,0.621,0.335,0.082,0.081,0.082,0.153,0.105,0.109,0.113,0.083,0.114,0.122,0.117,0.132,0.082,0.082
0:29:10,0.082,0.086,0.082,0.084,0.081,0.082,0.082,0.107,0.106,0.082,0.082,0.083,0.081,0.096,0.102,0.131,0.1,0.085,0.105,0.119,0.108,0.385,0.084,0.082,0.081,0.105,0.105,0.108,0.106,0.086,0.097,0.13,0.104,0.103,0.084,0.082,0.083,0.127,0.106,0.132,0.109,0.082,0.103,0.108,0.117,0.102,0.082,0.086,0.083,0.103,0.103,0.112,0.109,0.086,0.106,0.115,0.111,0.114,0.085,0.083,0.083,0.099,0.099,0.098,0.106,0.085,0.12,0.114,0.118,0.765,0.087,0.083,0.085,0.098,0.107,0.116,0.115,0.087,0.109,0.118,0.62,0.332,0.082,0.081,0.082,0.154,0.106,0.11,0.112,0.083,0.115,0.122,0.118,0.133,0.082,0.081
0:39:10,0.082,0.086,0.082,0.084,0.081,0.081,0.082,0.108,0.103,0.082,0.082,0.083,0.081,0.096,0.103,0.132,0.101,0.084,0.105,0.12,0.107,0.364,0.084,0.082,0.081,0.103,0.106,0.11,0.108,0.086,0.097,0.131,0.106,0.104,0.084,0.082,0.082,0.128,0.108,0.134,0.112,0.082,0.104,0.11,0.118,0.103,0.082,0.086,0.083,0.105,0.104,0.114,0.111,0.086,0.107,0.114,0.114,0.115,0.085,0.083,0.083,0.1,0.1,0.099,0.108,0.086,0.122,0.117,0.119,0.781,0.088,0.083,0.085,0.099,0.109,0.117,0.117,0.087,0.112,0.121,0.618,0.329,0.082,0.081,0.082,0.156,0.107,0.111,0.113,0.083,0.116,0.122,0.119,0.136,0.082,0.081
0:49:10,0.082,0.086,0.082,0.084,0.081,0.082,0.082,0.108,0.104,0.082,0.082,0.083,0.081,0.097,0.104,0.133,0.101,0.085,0.106,0.121,0.108,0.359,0.084,0.082,0.081,0.103,0.107,0.109,0.108,0.086,0.098,0.133,0.108,0.106,0.084,0.082,0.083,0.117,0.108,0.136,0.113,0.082,0.108,0.112,0.121,0.105,0.082,0.086,0.083,0.104,0.106,0.116,0.112,0.086,0.109,0.118,0.116,0.118,0.085,0.083,0.083,0.101,0.101,0.101,0.108,0.086,0.125,0.119,0.124,0.798,0.088,0.083,0.085,0.099,0.109,0.118,0.119,0.087,0.114,0.124,0.612,0.325,0.082,0.081,0.082,0.16,0.108,0.112,0.113,0.083,0.117,0.124,0.123,0.138,0.082,0.081
0:59:10,0.082,0.086,0.082,0.084,0.081,0.082,0.082,0.108,0.108,0.082,0.082,0.083,0.081,0.098,0.106,0.136,0.103,0.085,0.108,0.125,0.11,0.355,0.084,0.082,0.081,0.104,0.109,0.111,0.111,0.086,0.1,0.135,0.11,0.107,0.084,0.082,0.083,0.127,0.111,0.139,0.115,0.082,0.113,0.114,0.123,0.107,0.083,0.086,0.083,0.106,0.106,0.118,0.115,0.086,0.111,0.12,0.119,0.12,0.085,0.083,0.083,0.101,0.102,0.101,0.11,0.085,0.129,0.123,0.127,0.812,0.087,0.083,0.085,0.1,0.111,0.119,0.121,0.087,0.118,0.128,0.626,0.329,0.082,0.081,0.082,0.157,0.108,0.113,0.112,0.083,0.119,0.127,0.126,0.14,0.083,0.082
1:09:10,0.082,0.086,0.082,0.085,0.081,0.082,0.082,0.109,0.103,0.082,0.082,0.083,0.081,0.099,0.106,0.139,0.103,0.085,0.11,0.128,0.112,0.353,0.084,0.082,0.081,0.105,0.11,0.112,0.112,0.086,0.102,0.137,0.111,0.109,0.084,0.082,0.083,0.126,0.112,0.143,0.117,0.082,0.115,0.116,0.127,0.108,0.083,0.085,0.083,0.107,0.109,0.12,0.117,0.086,0.114,0.123,0.122,0.123,0.085,0.083,0.083,0.102,0.103,0.102,0.111,0.086,0.152,0.127,0.132,0.816,0.087,0.083,0.085,0.101,0.112,0.12,0.123,0.087,0.123,0.132,0.605,0.326,0.082,0.081,0.082,0.158,0.109,0.113,0.114,0.083,0.119,0.13,0.128,0.144,0.083,0.082
1:19:10,0.082,0.086,0.082,0.084,0.081,0.082,0.082,0.109,0.104,0.082,0.083,0.083,0.081,0.1,0.109,0.142,0.104,0.085,0.113,0.131,0.114,0.363,0.084,0.082,0.081,0.106,0.113,0.115,0.114,0.086,0.103,0.139,0.113,0.111,0.084,0.082,0.083,0.145,0.113,0.148,0.12,0.082,0.121,0.117,0.13,0.11,0.083,0.085,0.083,0.109,0.111,0.123,0.118,0.087,0.115,0.127,0.126,0.127,0.085,0.083,0.083,0.103,0.104,0.104,0.113,0.085,0.14,0.132,0.137,0.829,0.088,0.083,0.085,0.102,0.113,0.122,0.126,0.087,0.126,0.136,0.613,0.328,0.082,0.081,0.082,0.16,0.11,0.115,0.114,0.083,0.123,0.133,0.129,0.147,0.083,0.081
1:29:10,0.082,0.086,0.082,0.084,0.081,0.082,0.082,0.109,0.104,0.082,0.082,0.083,0.081,0.101,0.11,0.145,0.105,0.085,0.114,0.136,0.117,0.334,0.084,0.082,0.081,0.107,0.114,0.116,0.116,0.086,0.104,0.143,0.116,0.113,0.084,0.082,0.083,0.145,0.115,0.15,0.121,0.082,0.119,0.122,0.134,0.113,0.083,0.084,0.083,0.11,0.112,0.125,0.12,0.086,0.119,0.13,0.129,0.13,0.085,0.083,0.083,0.104,0.106,0.106,0.114,0.086,0.177,0.137,0.144,0.828,0.087,0.083,0.085,0.103,0.115,0.123,0.128,0.087,0.129,0.142,0.613,0.331,0.082,0.081,0.082,0.162,0.111,0.116,0.115,0.083,0.124,0.135,0.132,0.15,0.083,0.082
1:39:10,0.083,0.086,0.082,0.084,0.081,0.082,0.082,0.109,0.104,0.082,0.083,0.083,0.081,0.105,0.112,0.148,0.106,0.085,0.117,0.14,0.121,0.348,0.084,0.082,0.081,0.109,0.116,0.118,0.118,0.086,0.105,0.146,0.119,0.115,0.084,0.082,0.083,0.137,0.117,0.154,0.124,0.083,0.131,0.126,0.138,0.114,0.083,0.085,0.083,0.112,0.115,0.13,0.123,0.087,0.122,0.135,0.134,0.133,0.085,0.083,0.083,0.105,0.107,0.107,0.116,0.085,0.186,0.141,0.15,0.837,0.087,0.083,0.085,0.104,0.117,0.125,0.131,0.087,0.134,0.146,0.6,0.334,0.082,0.081,0.082,0.165,0.112,0.117,0.117,0.083,0.128,0.14,0.134,0.154,0.083,0.081
1:49:10,0.083,0.086,0.082,0.084,0.081,0.082,0.082,0.11,0.106,0.082,0.082,0.083,0.081,0.106,0.114,0.152,0.108,0.085,0.12,0.144,0.123,0.387,0.084,0.082,0.081,0.11,0.118,0.121,0.12,0.086,0.107,0.149,0.122,0.118,0.084,0.082,0.083,0.157,0.119,0.163,0.128,0.083,0.123,0.129,0.142,0.117,0.083,0.085,0.083,0.115,0.117,0.13,0.126,0.087,0.125,0.14,0.138,0.138,0.085,0.083,0.083,0.107,0.109,0.108,0.118,0.086,0.159,0.148,0.158,0.84,0.087,0.083,0.085,0.105,0.119,0.127,0.134,0.087,0.144,0.152,0.605,0.331,0.082,0.081,0.082,0.169,0.114,0.119,0.119,0.083,0.132,0.144,0.138,0.16,0.083,0.081
1:59:10,0.083,0.086,0.082,0.085,0.081,0.082,0.082,0.109,0.108,0.082,0.082,0.083,0.081,0.112,0.115,0.156,0.109,0.085,0.124,0.149,0.133,0.378,0.084,0.082,0.081,0.112,0.12,0.123,0.122,0.087,0.11,0.152,0.125,0.12,0.084,0.082,0.083,0.132,0.122,0.167,0.13,0.083,0.143,0.132,0.148,0.121,0.083,0.084,0.083,0.117,0.118,0.137,0.129,0.087,0.129,0.145,0.144,0.142,0.085,0.083,0.083,0.108,0.111,0.11,0.12,0.086,0.186,0.152,0.162,0.84,0.088,0.083,0.085,0.107,0.122,0.13,0.137,0.087,0.144,0.16,0.6,0.335,0.083,0.081,0.082,0.172,0.115,0.121,0.12,0.083,0.135,0.15,0.142,0.165,0.083,0.082
2:09:10,0.083,0.086,0.082,0.084,0.081,0.082,0.082,0.109,0.109,0.082,0.083,0.083,0.081,0.115,0.117,0.16,0.111,0.085,0.128,0.156,0.134,0.39,0.084,0.082,0.081,0.114,0.123,0.125,0.125,0.086,0.112,0.156,0.129,0.124,0.084,0.082,0.083,0.138,0.127,0.174,0.136,0.083,0.15,0.137,0.155,0.124,0.083,0.084,0.083,0.119,0.121,0.137,0.133,0.087,0.133,0.151,0.149,0.147,0.085,0.083,0.083,0.11,0.112,0.112,0.122,0.086,0.171,0.16,0.17,0.847,0.088,0.083,0.085,0.108,0.124,0.132,0.141,0.09,0.157,0.167,0.602,0.344,0.082,0.081,0.082,0.177,0.116,0.123,0.124,0.083,0.14,0.156,0.146,0.173,0.083,0.082
2:19:10,0.083,0.086,0.082,0.084,0.081,0.081,0.082,0.11,0.106,0.082,0.083,0.083,0.081,0.123,0.119,0.164,0.113,0.086,0.132,0.161,0.152,0.39,0.084,0.082,0.081,0.116,0.126,0.129,0.127,0.087,0.115,0.162,0.132,0.128,0.084,0.082,0.083,0.162,0.134,0.177,0.139,0.082,0.16,0.143,0.162,0.128,0.083,0.083,0.083,0.121,0.124,0.141,0.136,0.087,0.138,0.158,0.157,0.152,0.085,0.083,0.083,0.112,0.114,0.115,0.124,0.086,0.217,0.167,0.179,0.862,0.087,0.083,0.085,0.11,0.127,0.134,0.145,0.087,0.164,0.175,0.601,0.345,0.083,0.082,0.082,0.183,0.118,0.128,0.123,0.083,0.144,0.163,0.15,0.18,0.083,0.082
2:29:10,0.083,0.086,0.082,0.084,0.081,0.081,0.082,0.11,0.109,0.082,0.083,0.083,0.081,0.124,0.122,0.169,0.114,0.085,0.136,0.17,0.166,0.378,0.084,0.082,0.082,0.118,0.129,0.132,0.131,0.086,0.119,0.167,0.137,0.133,0.084,0.082,0.083,0.159,0.137,0.184,0.143,0.082,0.149,0.149,0.169,0.133,0.083,0.084,0.083,0.124,0.126,0.145,0.14,0.087,0.145,0.168,0.163,0.159,0.085,0.083,0.083,0.114,0.116,0.119,0.128,0.086,0.199,0.176,0.188,0.854,0.088,0.083,0.085,0.112,0.13,0.137,0.149,0.087,0.171,0.185,0.611,0.353,0.083,0.082,0.082,0.189,0.12,0.13,0.126,0.083,0.149,0.17,0.157,0.189,0.083,0.081
2:39:10,0.083,0.086,0.082,0.084,0.081,0.081,0.082,0.109,0.108,0.082,0.083,0.083,0.081,0.134,0.124,0.175,0.116,0.085,0.142,0.179,0.161,0.417,0.084,0.082,0.081,0.12,0.132,0.135,0.134,0.086,0.122,0.173,0.143,0.138,0.084,0.082,0.083,0.151,0.133,0.191,0.149,0.082,0.191,0.155,0.178,0.137,0.083,0.084,0.083,0.127,0.129,0.149,0.144,0.087,0.151,0.178,0.172,0.166,0.085,0.083,0.083,0.116,0.118,0.12,0.132,0.086,0.226,0.185,0.199,0.861,0.088,0.083,0.085,0.114,0.133,0.141,0.153,0.087,0.18,0.196,0.618,0.362,0.083,0.081,0.082,0.195,0.121,0.131,0.128,0.084,0.155,0.179,0.164,0.199,0.083,0.082
2:49:10,0.083,0.086,0.082,0.084,0.082,0.082,0.082,0.109,0.108,0.082,0.083,0.083,0.081,0.143,0.128,0.182,0.118,0.085,0.147,0.189,0.162,0.43,0.085,0.082,0.081,0.123,0.135,0.139,0.138,0.086,0.127,0.179,0.148,0.142,0.084,0.082,0.083,0.182,0.139,0.198,0.151,0.082,0.182,0.163,0.187,0.143,0.083,0.083,0.083,0.131,0.133,0.154,0.148,0.087,0.161,0.199,0.181,0.175,0.085,0.083,0.083,0.118,0.121,0.124,0.136,0.086,0.253,0.195,0.211,0.865,0.088,0.083,0.085,0.116,0.136,0.144,0.159,0.088,0.189,0.208,0.611,0.368,0.083,0.081,0.082,0.202,0.124,0.137,0.132,0.084,0.161,0.188,0.173,0.212,0.083,0.082
2:59:10,0.083,0.086,0.082,0.084,0.081,0.082,0.082,0.11,0.107,0.082,0.083,0.083,0.081,0.148,0.131,0.188,0.12,0.085,0.153,0.199,0.181,0.437,0.084,0.082,0.081,0.125,0.138,0.143,0.141,0.086,0.131,0.187,0.157,0.149,0.084,0.082,0.083,0.164,0.147,0.207,0.158,0.083,0.162,0.172,0.199,0.148,0.083,0.084,0.083,0.134,0.136,0.16,0.153,0.087,0.165,0.221,0.191,0.183,0.085,0.083,0.083,0.12,0.123,0.126,0.142,0.086,0.283,0.207,0.224,0.886,0.088,0.083,0.085,0.118,0.14,0.148,0.165,0.087,0.201,0.22,0.603,0.381,0.083,0.081,0.082,0.207,0.126,0.146,0.134,0.083,0.168,0.198,0.182,0.225,0.083,0.081
3:09:10,0.083,0.086,0.082,0.084,0.081,0.082,0.082,0.11,0.109,0.082,0.082,0.083,0.081,0.154,0.134,0.195,0.123,0.085,0.161,0.211,0.201,0.442,0.085,0.082,0.081,0.129,0.142,0.147,0.145,0.086,0.136,0.195,0.164,0.156,0.084,0.082,0.083,0.197,0.146,0.22,0.163,0.082,0.2,0.18,0.215,0.156,0.083,0.083,0.083,0.138,0.14,0.165,0.158,0.087,0.176,0.239,0.202,0.193,0.085,0.083,0.083,0.123,0.127,0.134,0.146,0.086,0.275,0.218,0.237,0.882,0.088,0.083,0.086,0.121,0.144,0.152,0.17,0.09,0.21,0.237,0.621,0.386,0.083,0.081,0.083,0.217,0.13,0.155,0.137,0.084,0.178,0.209,0.193,0.238,0.083,0.081
3:19:10,0.083,0.086,0.082,0.084,0.081,0.081,0.082,0.11,0.106,0.082,0.082,0.083,0.081,0.156,0.138,0.203,0.125,0.086,0.167,0.225,0.192,0.442,0.084,0.082,0.081,0.133,0.147,0.151,0.15,0.086,0.143,0.204,0.171,0.163,0.084,0.082,0.083,0.198,0.15,0.226,0.169,0.082,0.215,0.189,0.225,0.163,0.083,0.084,0.083,0.148,0.145,0.172,0.163,0.087,0.188,0.274,0.214,0.204,0.085,0.083,0.083,0.126,0.13,0.135,0.151,0.086,0.26,0.232,0.252,0.879,0.088,0.083,0.086,0.123,0.148,0.157,0.176,0.087,0.226,0.255,0.607,0.397,0.083,0.081,0.082,0.224,0.133,0.154,0.14,0.084,0.183,0.223,0.202,0.252,0.083,0.082
3:29:10,0.083,0.086,0.082,0.084,0.081,0.081,0.082,0.11,0.106,0.082,0.082,0.083,0.081,0.157,0.142,0.21,0.128,0.086,0.175,0.238,0.209,0.443,0.084,0.082,0.081,0.137,0.151,0.156,0.155,0.086,0.152,0.214,0.179,0.17,0.084,0.082,0.083,0.203,0.158,0.233,0.175,0.082,0.221,0.2,0.242,0.171,0.083,0.083,0.083,0.154,0.149,0.178,0.172,0.087,0.2,0.296,0.228,0.216,0.085,0.083,0.083,0.128,0.133,0.144,0.155,0.087,0.308,0.247,0.27,0.895,0.088,0.083,0.086,0.127,0.154,0.162,0.183,0.087,0.239,0.271,0.603,0.418,0.083,0.081,0.083,0.232,0.136,0.153,0.144,0.084,0.197,0.237,0.215,0.269,0.083,0.082
3:39:10,0.083,0.086,0.082,0.084,0.081,0.081,0.082,0.109,0.108,0.082,0.082,0.083,0.081,0.158,0.146,0.218,0.131,0.086,0.181,0.253,0.207,0.449,0.084,0.082,0.081,0.142,0.157,0.161,0.16,0.086,0.156,0.224,0.189,0.179,0.084,0.082,0.083,0.172,0.158,0.242,0.181,0.083,0.242,0.211,0.255,0.179,0.083,0.083,0.083,0.157,0.154,0.183,0.178,0.087,0.212,0.296,0.243,0.229,0.085,0.083,0.083,0.131,0.137,0.142,0.158,0.086,0.325,0.265,0.288,0.891,0.087,0.083,0.085,0.131,0.159,0.169,0.19,0.09,0.255,0.291,0.598,0.429,0.083,0.081,0.082,0.242,0.142,0.166,0.148,0.084,0.207,0.254,0.228,0.289,0.083,0.081
3:49:10,0.083,0.086,0.082,0.085,0.081,0.081,0.082,0.11,0.107,0.082,0.082,0.083,0.081,0.159,0.15,0.227,0.135,0.085,0.192,0.271,0.224,0.458,0.085,0.082,0.081,0.147,0.162,0.167,0.166,0.086,0.168,0.235,0.201,0.188,0.084,0.082,0.083,0.187,0.173,0.251,0.192,0.083,0.27,0.224,0.283,0.189,0.083,0.083,0.083,0.165,0.159,0.192,0.183,0.087,0.226,0.329,0.258,0.244,0.085,0.083,0.083,0.135,0.141,0.154,0.165,0.086,0.327,0.283,0.308,0.897,0.088,0.083,0.086,0.134,0.164,0.175,0.198,0.087,0.269,0.315,0.612,0.452,0.083,0.082,0.082,0.252,0.143,0.169,0.153,0.084,0.218,0.271,0.245,0.31,0.083,0.082
3:59:10,0.083,0.086,0.082,0.084,0.081,0.082,0.082,0.11,0.106,0.082,0.082,0.083,0.081,0.18,0.156,0.237,0.138,0.086,0.201,0.293,0.237,0.459,0.085,0.082,0.081,0.149,0.166,0.172,0.171,0.086,0.173,0.249,0.212,0.2,0.084,0.082,0.083,0.186,0.169,0.261,0.196,0.082,0.282,0.238,0.287,0.201,0.083,0.083,0.083,0.166,0.167,0.199,0.19,0.087,0.252,0.351,0.279,0.267,0.085,0.083,0.083,0.138,0.146,0.155,0.171,0.086,0.41,0.301,0.332,0.913,0.088,0.083,0.086,0.139,0.172,0.181,0.207,0.087,0.29,0.336,0.612,0.469,0.083,0.081,0.083,0.265,0.149,0.173,0.157,0.084,0.233,0.3,0.26,0.336,0.083,0.081
4:09:10,0.083,0.086,0.082,0.084,0.081,0.082,0.082,0.11,0.108,0.082,0.082,0.083,0.081,0.198,0.161,0.25,0.142,0.086,0.213,0.31,0.253,0.475,0.085,0.082,0.081,0.151,0.172,0.178,0.178,0.086,0.188,0.265,0.225,0.21,0.084,0.082,0.083,0.22,0.177,0.276,0.204,0.083,0.308,0.255,0.315,0.213,0.083,0.083,0.083,0.174,0.172,0.206,0.198,0.087,0.266,0.37,0.3,0.285,0.085,0.083,0.083,0.142,0.15,0.165,0.177,0.086,0.43,0.323,0.357,0.926,0.088,0.083,0.086,0.145,0.179,0.186,0.216,0.087,0.313,0.357,0.616,0.484,0.083,0.081,0.083,0.275,0.152,0.183,0.163,0.084,0.247,0.326,0.279,0.358,0.083,0.081
4:19:10,0.083,0.086,0.082,0.084,0.081,0.082,0.082,0.11,0.107,0.082,0.082,0.083,0.081,0.192,0.167,0.261,0.146,0.086,0.227,0.334,0.279,0.459,0.085,0.082,0.081,0.156,0.182,0.185,0.185,0.087,0.198,0.281,0.242,0.224,0.084,0.082,0.083,0.199,0.183,0.283,0.212,0.083,0.335,0.273,0.332,0.226,0.083,0.084,0.083,0.182,0.179,0.215,0.209,0.087,0.282,0.406,0.323,0.302,0.085,0.083,0.083,0.147,0.155,0.159,0.182,0.086,0.472,0.348,0.385,0.921,0.088,0.083,0.086,0.154,0.184,0.195,0.224,0.087,0.337,0.387,0.611,0.501,0.083,0.081,0.083,0.291,0.158,0.191,0.168,0.084,0.263,0.338,0.298,0.383,0.083,0.082
4:29:10,0.083,0.086,0.082,0.085,0.081,0.081,0.082,0.11,0.109,0.082,0.082,0.083,0.081,0.184,0.173,0.27,0.15,0.086,0.242,0.371,0.291,0.474,0.085,0.082,0.082,0.165,0.184,0.192,0.192,0.086,0.207,0.298,0.263,0.238,0.084,0.082,0.083,0.215,0.191,0.296,0.221,0.083,0.36,0.294,0.368,0.241,0.083,0.083,0.083,0.189,0.186,0.226,0.216,0.087,0.298,0.43,0.353,0.325,0.085,0.083,0.083,0.151,0.162,0.166,0.191,0.086,0.506,0.377,0.419,0.932,0.087,0.083,0.086,0.157,0.19,0.202,0.233,0.087,0.369,0.418,0.609,0.522,0.083,0.081,0.082,0.306,0.162,0.193,0.175,0.084,0.281,0.365,0.32,0.415,0.083,0.081
4:39:10,0.083,0.086,0.083,0.084,0.081,0.082,0.083,0.11,0.108,0.082,0.082,0.083,0.081,0.203,0.18,0.284,0.154,0.086,0.258,0.386,0.32,0.462,0.084,0.082,0.081,0.167,0.193,0.204,0.2,0.086,0.235,0.318,0.282,0.255,0.084,0.082,0.083,0.217,0.197,0.312,0.23,0.082,0.379,0.325,0.404,0.262,0.083,0.083,0.083,0.193,0.194,0.235,0.224,0.087,0.326,0.465,0.375,0.343,0.085,0.083,0.083,0.158,0.166,0.175,0.197,0.086,0.54,0.409,0.459,0.932,0.087,0.083,0.085,0.159,0.199,0.211,0.243,0.087,0.398,0.455,0.633,0.544,0.083,0.081,0.083,0.323,0.167,0.201,0.183,0.084,0.302,0.407,0.344,0.448,0.083,0.082
4:49:10,0.083,0.086,0.082,0.084,0.082,0.082,0.082,0.11,0.109,0.082,0.082,0.083,0.081,0.207,0.187,0.3,0.16,0.086,0.286,0.465,0.366,0.46,0.084,0.082,0.081,0.171,0.205,0.21,0.207,0.086,0.246,0.346,0.296,0.272,0.084,0.082,0.083,0.226,0.205,0.324,0.239,0.083,0.408,0.344,0.424,0.278,0.083,0.083,0.083,0.201,0.203,0.248,0.233,0.087,0.353,0.491,0.413,0.376,0.085,0.083,0.083,0.162,0.175,0.183,0.206,0.087,0.571,0.443,0.488,0.945,0.088,0.083,0.085,0.169,0.207,0.218,0.255,0.087,0.427,0.487,0.636,0.574,0.083,0.081,0.083,0.336,0.173,0.219,0.19,0.084,0.328,0.442,0.368,0.489,0.083,0.081
4:59:10,0.082,0.086,0.082,0.085,0.082,0.082,0.082,0.109,0.109,0.082,0.082,0.083,0.081,0.22,0.195,0.315,0.165,0.086,0.306,0.494,0.4,0.463,0.085,0.082,0.081,0.178,0.212,0.221,0.215,0.087,0.259,0.368,0.321,0.294,0.084,0.082,0.083,0.25,0.213,0.34,0.25,0.083,0.436,0.376,0.458,0.302,0.083,0.083,0.083,0.213,0.211,0.253,0.244,0.087,0.376,0.533,0.446,0.409,0.085,0.083,0.083,0.171,0.182,0.191,0.215,0.087,0.607,0.485,0.535,0.948,0.088,0.083,0.085,0.173,0.213,0.23,0.266,0.087,0.459,0.525,0.652,0.597,0.083,0.082,0.083,0.356,0.179,0.233,0.198,0.084,0.348,0.482,0.408,0.514,0.083,0.081
5:09:10,0.082,0.086,0.082,0.085,0.082,0.082,0.083,0.11,0.108,0.082,0.082,0.083,0.081,0.209,0.199,0.328,0.171,0.086,0.325,0.55,0.438,0.464,0.085,0.082,0.081,0.185,0.22,0.226,0.223,0.086,0.287,0.4,0.354,0.313,0.084,0.082,0.083,0.244,0.222,0.357,0.261,0.083,0.466,0.413,0.487,0.332,0.083,0.085,0.083,0.215,0.218,0.262,0.253,0.087,0.41,0.568,0.476,0.445,0.085,0.083,0.083,0.176,0.186,0.201,0.223,0.086,0.65,0.525,0.577,0.951,0.088,0.083,0.085,0.181,0.223,0.24,0.276,0.087,0.495,0.563,0.645,0.629,0.083,0.081,0.082,0.377,0.186,0.246,0.211,0.085,0.376,0.519,0.443,0.562,0.083,0.081
5:19:10,0.082,0.086,0.082,0.084,0.081,0.082,0.082,0.11,0.107,0.082,0.082,0.083,0.081,0.23,0.208,0.344,0.178,0.086,0.352,0.58,0.464,0.465,0.084,0.082,0.081,0.192,0.229,0.24,0.233,0.086,0.308,0.428,0.366,0.338,0.084,0.082,0.083,0.253,0.23,0.374,0.272,0.083,0.496,0.431,0.535,0.354,0.083,0.085,0.083,0.225,0.226,0.276,0.263,0.087,0.442,0.609,0.52,0.47,0.085,0.083,0.083,0.185,0.195,0.203,0.233,0.087,0.693,0.573,0.617,0.962,0.088,0.083,0.085,0.181,0.235,0.245,0.296,0.088,0.533,0.599,0.638,0.662,0.083,0.081,0.083,0.394,0.192,0.229,0.22,0.084,0.424,0.54,0.476,0.587,0.083,0.081
5:29:10,0.082,0.086,0.083,0.085,0.082,0.082,0.083,0.11,0.108,0.082,0.082,0.083,0.081,0.223,0.218,0.362,0.184,0.086,0.374,0.621,0.5,0.482,0.085,0.082,0.081,0.202,0.237,0.246,0.243,0.086,0.325,0.46,0.401,0.37,0.084,0.082,0.083,0.263,0.239,0.395,0.284,0.083,0.535,0.465,0.57,0.373,0.083,0.085,0.083,0.242,0.236,0.285,0.275,0.087,0.49,0.65,0.558,0.504,0.085,0.083,0.083,0.191,0.202,0.212,0.24,0.086,0.738,0.607,0.648,0.956,0.088,0.083,0.085,0.19,0.243,0.254,0.305,0.087,0.57,0.648,0.658,0.685,0.083,0.082,0.082,0.407,0.202,0.243,0.219,0.085,0.456,0.583,0.498,0.643,0.083,0.081
5:39:10,0.082,0.086,0.082,0.084,0.081,0.082,0.083,0.11,0.107,0.082,0.082,0.083,0.081,0.242,0.225,0.379,0.192,0.086,0.4,0.666,0.536,0.478,0.085,0.082,0.081,0.207,0.246,0.259,0.253,0.087,0.356,0.495,0.439,0.405,0.084,0.083,0.083,0.275,0.249,0.415,0.296,0.083,0.575,0.506,0.617,0.407,0.083,0.084,0.083,0.246,0.247,0.302,0.286,0.087,0.518,0.695,0.601,0.544,0.086,0.083,0.083,0.195,0.212,0.229,0.249,0.086,0.785,0.645,0.71,0.933,0.088,0.083,0.085,0.202,0.249,0.263,0.324,0.087,0.616,0.689,0.656,0.729,0.083,0.082,0.082,0.427,0.211,0.252,0.233,0.084,0.495,0.632,0.548,0.699,0.083,0.081
5:49:10,0.082,0.086,0.082,0.084,0.081,0.082,0.083,0.11,0.105,0.082,0.082,0.083,0.081,0.249,0.236,0.399,0.2,0.086,0.422,0.706,0.574,0.477,0.085,0.082,0.082,0.214,0.252,0.275,0.264,0.087,0.375,0.521,0.473,0.444,0.084,0.082,0.083,0.287,0.26,0.438,0.31,0.083,0.614,0.547,0.67,0.436,0.083,0.084,0.083,0.252,0.253,0.315,0.3,0.087,0.552,0.742,0.65,0.589,0.085,0.083,0.083,0.201,0.22,0.232,0.261,0.086,0.792,0.694,0.733,0.937,0.088,0.083,0.085,0.202,0.259,0.28,0.339,0.087,0.652,0.736,0.646,0.761,0.083,0.081,0.083,0.451,0.215,0.278,0.237,0.084,0.539,0.666,0.582,0.747,0.083,0.082
5:59:10,0.083,0.086,0.082,0.084,0.081,0.082,0.083,0.11,0.109,0.082,0.082,0.083,0.081,0.257,0.242,0.422,0.208,0.086,0.455,0.758,0.612,0.476,0.085,0.082,0.082,0.225,0.268,0.282,0.275,0.086,0.412,0.566,0.5,0.47,0.084,0.083,0.083,0.299,0.271,0.462,0.326,0.083,0.663,0.597,0.711,0.465,0.083,0.085,0.083,0.273,0.268,0.328,0.314,0.087,0.611,0.791,0.693,0.644,0.085,0.082,0.083,0.21,0.23,0.24,0.273,0.086,0.881,0.746,0.801,0.927,0.088,0.083,0.085,0.215,0.271,0.292,0.353,0.087,0.704,0.784,0.578,0.793,0.083,0.082,0.083,0.474,0.226,0.284,0.248,0.084,0.58,0.726,0.632,0.787,0.084,0.081
6:09:10,0.083,0.086,0.083,0.084,0.081,0.082,0.083,0.11,0.106,0.082,0.082,0.083,0.082,0.265,0.254,0.445,0.218,0.086,0.503,0.807,0.66,0.531,0.085,0.082,0.082,0.232,0.278,0.294,0.286,0.087,0.45,0.617,0.547,0.503,0.084,0.082,0.083,0.313,0.283,0.486,0.342,0.083,0.71,0.634,0.758,0.517,0.083,0.084,0.083,0.286,0.28,0.343,0.328,0.087,0.652,0.839,0.737,0.688,0.085,0.083,0.083,0.225,0.239,0.25,0.281,0.086,0.938,0.782,0.849,0.917,0.088,0.083,0.085,0.222,0.283,0.308,0.368,0.087,0.736,0.838,0.547,0.831,0.083,0.082,0.083,0.497,0.233,0.295,0.26,0.085,0.627,0.784,0.672,0.832,0.083,0.081
6:19:10,0.083,0.086,0.082,0.084,0.081,0.082,0.083,0.11,0.104,0.082,0.082,0.083,0.081,0.269,0.267,0.465,0.227,0.086,0.532,0.857,0.714,0.531,0.085,0.082,0.082,0.241,0.294,0.312,0.3,0.087,0.479,0.659,0.592,0.553,0.084,0.083,0.083,0.329,0.297,0.51,0.359,0.083,0.758,0.678,0.819,0.558,0.083,0.084,0.083,0.298,0.293,0.361,0.344,0.087,0.703,0.895,0.796,0.733,0.085,0.083,0.083,0.231,0.247,0.26,0.294,0.086,0.989,0.858,0.895,0.921,0.088,0.083,0.085,0.229,0.298,0.315,0.387,0.087,0.783,0.881,0.532,0.862,0.083,0.082,0.083,0.524,0.248,0.29,0.267,0.085,0.651,0.805,0.726,0.872,0.084,0.081
6:29:10,0.083,0.086,0.083,0.084,0.082,0.081,0.083,0.11,0.107,0.082,0.082,0.083,0.081,0.267,0.278,0.489,0.235,0.086,0.579,0.917,0.751,0.478,0.085,0.082,0.082,0.256,0.307,0.327,0.315,0.087,0.525,0.704,0.625,0.577,0.084,0.082,0.083,0.346,0.311,0.538,0.377,0.083,0.812,0.727,0.872,0.602,0.083,0.084,0.083,0.31,0.307,0.38,0.361,0.087,0.7,0.949,0.822,0.771,0.085,0.083,0.083,0.235,0.258,0.271,0.308,0.086,1.047,0.904,0.953,0.894,0.088,0.083,0.085,0.244,0.311,0.331,0.409,0.087,0.823,0.921,0.492,0.89,0.083,0.081,0.083,0.551,0.253,0.303,0.279,0.085,0.689,0.877,0.768,0.918,0.083,0.082
6:39:10,0.083,0.086,0.083,0.084,0.082,0.081,0.083,0.11,0.105,0.082,0.082,0.083,0.081,0.285,0.287,0.516,0.245,0.086,0.611,0.966,0.808,0.522,0.085,0.082,0.082,0.267,0.32,0.34,0.33,0.087,0.572,0.76,0.67,0.624,0.084,0.083,0.083,0.361,0.327,0.566,0.398,0.083,0.862,0.77,0.921,0.635,0.083,0.084,0.083,0.325,0.32,0.399,0.378,0.087,0.755,1.001,0.874,0.829,0.085,0.083,0.083,0.246,0.27,0.282,0.322,0.086,1.097,0.956,1.007,0.872,0.088,0.083,0.085,0.25,0.322,0.354,0.425,0.087,0.874,0.971,0.423,0.921,0.083,0.082,0.083,0.579,0.265,0.316,0.292,0.085,0.726,0.923,0.796,0.946,0.084,0.081
6:49:10,0.083,0.086,0.082,0.084,0.082,0.081,0.083,0.109,0.105,0.082,0.082,0.083,0.081,0.304,0.301,0.542,0.258,0.086,0.659,1.019,0.862,0.528,0.085,0.082,0.081,0.28,0.335,0.355,0.346,0.087,0.617,0.81,0.715,0.666,0.084,0.082,0.083,0.38,0.344,0.6,0.417,0.083,0.913,0.824,0.972,0.682,0.083,0.084,0.083,0.338,0.334,0.42,0.397,0.087,0.809,1.057,0.928,0.886,0.086,0.083,0.083,0.257,0.281,0.296,0.339,0.087,1.147,1.004,1.062,0.852,0.088,0.083,0.085,0.254,0.343,0.364,0.447,0.088,0.926,1.025,0.403,0.956,0.083,0.082,0.083,0.607,0.277,0.332,0.304,0.085,0.775,1,0.888,0.999,0.084,0.081
6:59:10,0.083,0.086,0.083,0.084,0.082,0.081,0.083,0.109,0.108,0.082,0.082,0.083,0.081,0.31,0.315,0.568,0.271,0.086,0.704,1.076,0.917,0.529,0.085,0.082,0.081,0.293,0.349,0.372,0.363,0.086,0.664,0.86,0.764,0.713,0.084,0.082,0.083,0.4,0.361,0.631,0.439,0.083,0.967,0.875,1.026,0.729,0.083,0.084,0.083,0.354,0.35,0.442,0.419,0.087,0.86,1.111,0.982,0.942,0.085,0.083,0.083,0.268,0.295,0.312,0.354,0.087,1.202,1.065,1.113,0.839,0.088,0.083,0.085,0.271,0.36,0.389,0.472,0.087,0.979,1.077,0.402,0.986,0.083,0.082,0.082,0.637,0.289,0.348,0.318,0.084,0.827,1.06,0.94,1.05,0.084,0.081
7:09:10,0.083,0.086,0.083,0.084,0.082,0.081,0.083,0.109,0.104,0.082,0.082,0.083,0.081,0.319,0.33,0.596,0.283,0.086,0.749,1.131,0.972,0.533,0.085,0.082,0.082,0.303,0.363,0.389,0.38,0.086,0.711,0.91,0.813,0.762,0.084,0.082,0.083,0.422,0.38,0.658,0.463,0.083,1.021,0.929,1.079,0.776,0.083,0.084,0.083,0.371,0.368,0.465,0.439,0.087,0.915,1.167,1.035,0.993,0.085,0.083,0.083,0.278,0.307,0.326,0.374,0.087,1.257,1.117,1.167,0.833,0.088,0.083,0.085,0.282,0.379,0.407,0.495,0.087,1.03,1.132,0.401,1.014,0.083,0.082,0.082,0.668,0.303,0.366,0.333,0.085,0.877,1.115,0.991,1.094,0.084,0.081
7:19:10,0.083,0.086,0.083,0.084,0.082,0.082,0.083,0.11,0.104,0.082,0.082,0.083,0.081,0.331,0.344,0.624,0.295,0.086,0.8,1.185,1.026,0.529,0.085,0.082,0.082,0.315,0.379,0.407,0.399,0.086,0.761,0.966,0.863,0.811,0.084,0.082,0.083,0.444,0.4,0.688,0.483,0.083,1.068,0.985,1.134,0.827,0.083,0.084,0.083,0.389,0.385,0.489,0.461,0.087,0.971,1.221,1.087,1.05,0.085,0.083,0.083,0.291,0.323,0.342,0.392,0.087,1.315,1.173,1.225,0.836,0.088,0.083,0.085,0.293,0.397,0.427,0.519,0.087,1.085,1.186,0.394,1.043,0.083,0.082,0.082,0.701,0.317,0.385,0.349,0.084,0.93,1.169,1.044,1.147,0.084,0.081
7:29:10,0.083,0.086,0.083,0.084,0.082,0.082,0.083,0.109,0.104,0.082,0.082,0.083,0.081,0.341,0.359,0.656,0.31,0.086,0.851,1.24,1.083,0.539,0.085,0.082,0.082,0.331,0.396,0.424,0.419,0.087,0.813,1.02,0.918,0.865,0.084,0.083,0.083,0.468,0.419,0.722,0.509,0.083,1.123,1.04,1.188,0.88,0.083,0.083,0.083,0.408,0.406,0.513,0.486,0.087,1.03,1.274,1.143,1.11,0.085,0.083,0.083,0.303,0.338,0.359,0.412,0.087,1.37,1.234,1.286,0.813,0.088,0.083,0.085,0.305,0.415,0.45,0.543,0.087,1.141,1.24,0.37,1.061,0.083,0.082,0.082,0.734,0.332,0.407,0.366,0.085,0.988,1.226,1.097,1.199,0.084,0.082
7:39:10,0.083,0.086,0.083,0.084,0.081,0.082,0.083,0.109,0.104,0.082,0.082,0.083,0.081,0.356,0.374,0.685,0.322,0.086,0.892,1.294,1.134,0.535,0.085,0.082,0.082,0.342,0.413,0.445,0.439,0.087,0.866,1.073,0.973,0.917,0.084,0.083,0.083,0.493,0.439,0.758,0.534,0.083,1.175,1.092,1.24,0.933,0.083,0.083,0.083,0.428,0.427,0.54,0.511,0.087,1.086,1.327,1.198,1.167,0.085,0.083,0.083,0.318,0.356,0.376,0.433,0.086,1.419,1.292,1.348,0.811,0.088,0.083,0.085,0.319,0.435,0.47,0.571,0.087,1.196,1.295,0.368,1.088,0.083,0.082,0.082,0.768,0.348,0.426,0.384,0.084,1.044,1.28,1.154,1.254,0.084,0.082
7:49:10,0.083,0.086,0.083,0.084,0.082,0.082,0.083,0.109,0.105,0.082,0.082,0.083,0.081,0.37,0.392,0.718,0.337,0.086,0.952,1.345,1.191,0.547,0.085,0.082,0.082,0.359,0.432,0.467,0.462,0.086,0.922,1.132,1.026,0.969,0.084,0.083,0.083,0.52,0.465,0.79,0.564,0.083,1.23,1.149,1.293,0.987,0.083,0.083,0.083,0.451,0.448,0.57,0.538,0.087,1.145,1.378,1.253,1.222,0.086,0.083,0.083,0.333,0.374,0.395,0.456,0.087,1.468,1.341,1.401,0.796,0.088,0.083,0.085,0.333,0.457,0.494,0.596,0.087,1.254,1.345,0.369,1.111,0.083,0.082,0.082,0.801,0.366,0.451,0.405,0.084,1.1,1.334,1.207,1.308,0.084,0.082
7:59:10,0.083,0.086,0.082,0.084,0.082,0.082,0.083,0.11,0.104,0.082,0.082,0.083,0.081,0.383,0.412,0.751,0.351,0.086,1.004,1.396,1.243,0.55,0.085,0.082,0.081,0.374,0.455,0.488,0.485,0.086,0.979,1.185,1.082,1.026,0.084,0.082,0.083,0.548,0.49,0.829,0.592,0.083,1.285,1.205,1.344,1.042,0.083,0.083,0.083,0.473,0.472,0.599,0.563,0.087,1.205,1.43,1.308,1.28,0.085,0.083,0.083,0.35,0.394,0.416,0.478,0.086,1.51,1.392,1.448,0.8,0.088,0.083,0.085,0.348,0.48,0.516,0.624,0.088,1.311,1.393,0.364,1.112,0.083,0.082,0.082,0.836,0.384,0.474,0.425,0.085,1.156,1.386,1.26,1.355,0.084,0.082
8:09:10,0.083,0.086,0.083,0.084,0.082,0.082,0.083,0.109,0.107,0.082,0.082,0.083,0.081,0.398,0.427,0.781,0.366,0.086,1.062,1.442,1.294,0.548,0.085,0.082,0.081,0.392,0.476,0.511,0.509,0.086,1.034,1.24,1.139,1.081,0.084,0.083,0.083,0.575,0.514,0.863,0.621,0.083,1.335,1.263,1.393,1.097,0.083,0.083,0.083,0.498,0.496,0.629,0.591,0.087,1.272,1.476,1.362,1.338,0.085,0.083,0.083,0.366,0.415,0.437,0.502,0.086,1.548,1.442,1.494,0.803,0.088,0.083,0.085,0.365,0.502,0.542,0.653,0.087,1.378,1.449,0.362,1.123,0.083,0.082,0.082,0.87,0.405,0.497,0.446,0.085,1.218,1.435,1.316,1.403,0.084,0.082
8:19:10,0.083,0.086,0.082,0.084,0.081,0.082,0.083,0.109,0.109,0.082,0.082,0.083,0.081,0.416,0.449,0.814,0.384,0.086,1.112,1.487,1.342,0.546,0.085,0.082,0.081,0.412,0.498,0.537,0.534,0.086,1.094,1.294,1.194,1.141,0.084,0.083,0.083,0.606,0.541,0.898,0.653,0.083,1.388,1.316,1.438,1.157,0.083,0.083,0.083,0.523,0.521,0.658,0.62,0.087,1.323,1.52,1.413,1.39,0.085,0.083,0.083,0.387,0.437,0.46,0.53,0.086,1.583,1.483,1.535,0.804,0.088,0.083,0.085,0.382,0.526,0.571,0.684,0.087,1.425,1.497,0.368,1.129,0.083,0.082,0.082,0.906,0.427,0.525,0.469,0.084,1.273,1.482,1.367,1.451,0.084,0.082
8:29:10,0.082,0.086,0.083,0.084,0.082,0.082,0.083,0.109,0.109,0.082,0.082,0.083,0.081,0.432,0.47,0.847,0.402,0.086,1.164,1.528,1.388,0.546,0.085,0.082,0.081,0.426,0.519,0.561,0.56,0.086,1.148,1.348,1.249,1.199,0.084,0.082,0.083,0.636,0.568,0.934,0.681,0.083,1.432,1.366,1.485,1.211,0.083,0.083,0.083,0.55,0.546,0.69,0.651,0.087,1.374,1.558,1.457,1.435,0.085,0.083,0.083,0.404,0.457,0.483,0.556,0.086,1.618,1.526,1.575,0.807,0.088,0.083,0.085,0.401,0.551,0.598,0.717,0.087,1.471,1.539,0.362,1.111,0.083,0.082,0.082,0.943,0.451,0.551,0.492,0.085,1.322,1.524,1.417,1.497,0.084,0.082
8:39:10,0.082,0.086,0.082,0.084,0.081,0.082,0.083,0.109,0.109,0.082,0.082,0.083,0.081,0.45,0.49,0.884,0.425,0.086,1.222,1.563,1.433,0.575,0.085,0.082,0.081,0.451,0.545,0.59,0.591,0.086,1.205,1.398,1.301,1.26,0.084,0.083,0.083,0.668,0.597,0.973,0.715,0.083,1.474,1.417,1.521,1.27,0.083,0.083,0.083,0.581,0.576,0.723,0.682,0.087,1.426,1.593,1.5,1.48,0.085,0.083,0.083,0.427,0.482,0.509,0.585,0.086,1.645,1.562,1.608,0.801,0.088,0.083,0.085,0.424,0.581,0.632,0.75,0.087,1.512,1.575,0.367,1.112,0.083,0.082,0.083,0.979,0.471,0.584,0.518,0.085,1.374,1.562,1.463,1.538,0.084,0.082
8:49:10,0.083,0.086,0.083,0.084,0.081,0.082,0.083,0.109,0.109,0.082,0.082,0.083,0.081,0.47,0.51,0.923,0.441,0.086,1.275,1.596,1.475,0.583,0.085,0.082,0.081,0.469,0.576,0.619,0.62,0.087,1.257,1.443,1.352,1.313,0.084,0.083,0.083,0.698,0.626,1.009,0.747,0.083,1.513,1.462,1.557,1.324,0.083,0.082,0.083,0.609,0.607,0.757,0.714,0.087,1.468,1.625,1.54,1.521,0.085,0.083,0.083,0.453,0.508,0.537,0.617,0.086,1.673,1.598,1.642,0.811,0.088,0.083,0.086,0.444,0.612,0.664,0.785,0.09,1.549,1.608,0.36,1.103,0.083,0.082,0.082,1.016,0.499,0.613,0.545,0.085,1.419,1.599,1.506,1.577,0.084,0.082
8:59:10,0.082,0.086,0.083,0.084,0.081,0.082,0.083,0.109,0.108,0.082,0.082,0.084,0.081,0.49,0.532,0.96,0.463,0.086,1.323,1.628,1.512,0.641,0.085,0.082,0.081,0.493,0.602,0.649,0.652,0.087,1.31,1.485,1.398,1.363,0.084,0.082,0.083,0.729,0.655,1.046,0.779,0.083,1.546,1.503,1.593,1.371,0.083,0.082,0.083,0.637,0.637,0.789,0.744,0.087,1.512,1.655,1.577,1.559,0.085,0.083,0.083,0.474,0.534,0.564,0.645,0.087,1.698,1.63,1.669,0.808,0.088,0.083,0.086,0.467,0.642,0.695,0.819,0.087,1.581,1.641,0.36,1.091,0.083,0.082,0.082,1.054,0.524,0.64,0.572,0.084,1.465,1.63,1.542,1.612,0.084,0.082
9:09:10,0.082,0.086,0.083,0.085,0.081,0.082,0.083,0.109,0.109,0.082,0.082,0.084,0.081,0.513,0.56,0.996,0.485,0.086,1.376,1.657,1.547,0.271,0.085,0.082,0.081,0.518,0.635,0.679,0.684,0.086,1.36,1.526,1.441,1.408,0.084,0.083,0.083,0.762,0.685,1.079,0.815,0.083,1.579,1.541,1.624,1.415,0.083,0.083,0.083,0.667,0.667,0.822,0.78,0.087,1.549,1.681,1.609,1.59,0.085,0.083,0.083,0.498,0.561,0.591,0.676,0.086,1.717,1.659,1.695,0.806,0.088,0.083,0.086,0.49,0.673,0.732,0.855,0.087,1.613,1.671,0.355,1.103,0.083,0.082,0.082,1.092,0.552,0.671,0.597,0.085,1.504,1.661,1.579,1.644,0.084,0.082
9:19:10,0.082,0.086,0.083,0.085,0.082,0.083,0.083,0.108,0.109,0.082,0.082,0.084,0.081,0.536,0.584,1.034,0.509,0.086,1.42,1.684,1.578,0.294,0.085,0.082,0.081,0.538,0.664,0.708,0.715,0.087,1.401,1.562,1.483,1.45,0.084,0.083,0.083,0.793,0.716,1.118,0.844,0.083,1.607,1.576,1.655,1.457,0.083,0.082,0.083,0.695,0.698,0.857,0.816,0.087,1.582,1.704,1.64,1.621,0.085,0.083,0.083,0.523,0.588,0.621,0.709,0.086,1.737,1.685,1.719,0.797,0.088,0.083,0.086,0.516,0.706,0.769,0.887,0.087,1.64,1.695,0.345,1.077,0.083,0.082,0.083,1.134,0.582,0.701,0.627,0.084,1.54,1.687,1.612,1.674,0.084,0.082
9:29:10,0.082,0.086,0.083,0.085,0.082,0.082,0.083,0.109,0.109,0.082,0.082,0.084,0.081,0.56,0.607,1.074,0.534,0.086,1.463,1.705,1.604,0.32,0.085,0.082,0.081,0.568,0.699,0.742,0.747,0.087,1.443,1.596,1.521,1.49,0.084,0.083,0.083,0.828,0.748,1.151,0.88,0.083,1.632,1.608,1.681,1.495,0.083,0.083,0.083,0.729,0.731,0.893,0.849,0.087,1.611,1.724,1.665,1.646,0.085,0.083,0.084,0.547,0.617,0.65,0.743,0.087,1.755,1.709,1.739,0.793,0.088,0.083,0.085,0.544,0.738,0.805,0.927,0.087,1.666,1.719,0.345,1.067,0.083,0.082,0.082,1.176,0.613,0.735,0.658,0.085,1.573,1.708,1.639,1.701,0.084,0.082
9:39:10,0.082,0.086,0.083,0.085,0.081,0.082,0.084,0.108,0.109,0.082,0.082,0.084,0.081,0.586,0.631,1.109,0.565,0.086,1.501,1.726,1.628,0.343,0.085,0.082,0.081,0.593,0.73,0.775,0.78,0.086,1.479,1.624,1.556,1.522,0.084,0.083,0.083,0.861,0.778,1.187,0.916,0.083,1.654,1.635,1.704,1.531,0.083,0.083,0.083,0.762,0.764,0.928,0.883,0.087,1.639,1.742,1.692,1.669,0.085,0.083,0.082,0.577,0.649,0.68,0.779,0.086,1.771,1.729,1.756,0.797,0.087,0.083,0.085,0.571,0.772,0.845,0.963,0.087,1.69,1.738,0.344,1.075,0.083,0.082,0.082,1.217,0.646,0.767,0.688,0.085,1.601,1.727,1.666,1.726,0.084,0.082
9:49:10,0.082,0.086,0.083,0.085,0.081,0.082,0.084,0.108,0.109,0.082,0.083,0.084,0.081,0.614,0.662,1.144,0.589,0.086,1.538,1.745,1.651,0.363,0.085,0.082,0.081,0.62,0.771,0.808,0.814,0.086,1.513,1.65,1.584,1.554,0.084,0.083,0.083,0.893,0.811,1.223,0.953,0.083,1.677,1.658,1.726,1.56,0.083,0.082,0.083,0.794,0.793,0.962,0.917,0.087,1.664,1.76,1.713,1.691,0.085,0.083,0.082,0.606,0.678,0.713,0.813,0.086,1.783,1.746,1.772,0.788,0.088,0.083,0.085,0.599,0.806,0.885,0.995,0.087,1.712,1.757,0.341,1.063,0.083,0.082,0.083,1.258,0.68,0.803,0.719,0.085,1.627,1.744,1.69,1.745,0.084,0.082
9:59:10,0.082,0.086,0.083,0.085,0.081,0.082,0.084,0.109,0.107,0.082,0.083,0.084,0.081,0.642,0.683,1.179,0.617,0.086,1.568,1.762,1.672,0.393,0.085,0.082,0.081,0.655,0.803,0.84,0.848,0.086,1.543,1.673,1.61,1.583,0.084,0.083,0.083,0.926,0.844,1.257,0.984,0.083,1.696,1.681,1.743,1.589,0.083,0.083,0.083,0.829,0.826,0.996,0.953,0.087,1.685,1.774,1.731,1.712,0.085,0.083,0.082,0.636,0.71,0.743,0.845,0.086,1.801,1.763,1.786,0.79,0.088,0.083,0.085,0.626,0.837,0.922,1.032,0.088,1.729,1.774,0.336,1.084,0.083,0.082,0.083,1.299,0.717,0.841,0.752,0.085,1.652,1.759,1.708,1.765,0.084,0.082
10:09:10,0.082,0.086,0.083,0.085,0.082,0.082,0.084,0.108,0.109,0.082,0.083,0.084,0.081,0.67,0.714,1.215,0.64,0.086,1.599,1.779,1.691,0.417,0.085,0.082,0.081,0.687,0.844,0.871,0.881,0.087,1.57,1.694,1.634,1.608,0.084,0.083,0.083,0.962,0.875,1.294,1.02,0.083,1.717,1.703,1.763,1.616,0.083,0.082,0.083,0.862,0.86,1.031,0.989,0.087,1.705,1.789,1.749,1.728,0.085,0.083,0.082,0.665,0.744,0.778,0.881,0.086,1.813,1.78,1.798,0.797,0.088,0.083,0.085,0.656,0.87,0.962,1.067,0.087,1.747,1.79,0.333,1.09,0.083,0.082,0.082,1.335,0.755,0.875,0.79,0.085,1.675,1.774,1.724,1.784,0.084,0.082
10:19:10,0.082,0.086,0.083,0.084,0.082,0.081,0.084,0.108,0.105,0.082,0.083,0.084,0.081,0.7,0.739,1.252,0.669,0.086,1.621,1.791,1.708,0.44,0.085,0.082,0.081,0.718,0.875,0.906,0.915,0.086,1.595,1.713,1.656,1.63,0.084,0.083,0.083,0.992,0.908,1.328,1.053,0.083,1.73,1.72,1.779,1.639,0.083,0.083,0.083,0.894,0.893,1.064,1.024,0.087,1.721,1.802,1.765,1.744,0.085,0.083,0.083,0.695,0.776,0.811,0.914,0.086,1.824,1.794,1.81,0.782,0.088,0.083,0.085,0.689,0.907,1.004,1.103,0.088,1.762,1.804,0.328,1.069,0.083,0.082,0.082,1.368,0.79,0.912,0.826,0.085,1.694,1.788,1.741,1.798,0.084,0.082
10:29:10,0.082,0.086,0.083,0.084,0.082,0.081,0.084,0.108,0.109,0.082,0.083,0.084,0.081,0.727,0.768,1.287,0.7,0.086,1.643,1.806,1.723,0.464,0.085,0.082,0.081,0.756,0.913,0.942,0.949,0.086,1.617,1.73,1.675,1.65,0.084,0.083,0.083,1.027,0.94,1.361,1.089,0.083,1.745,1.739,1.794,1.659,0.083,0.083,0.083,0.927,0.929,1.097,1.061,0.087,1.737,1.815,1.779,1.759,0.085,0.083,0.083,0.725,0.807,0.844,0.949,0.086,1.835,1.806,1.822,0.773,0.088,0.083,0.085,0.716,0.941,1.041,1.141,0.088,1.777,1.818,0.324,1.078,0.083,0.082,0.082,1.399,0.823,0.948,0.863,0.085,1.712,1.798,1.759,1.815,0.084,0.082
10:39:10,0.082,0.086,0.083,0.084,0.081,0.081,0.084,0.108,0.104,0.082,0.083,0.084,0.081,0.756,0.794,1.323,0.73,0.086,1.664,1.819,1.739,0.483,0.085,0.082,0.081,0.793,0.947,0.973,0.983,0.087,1.636,1.746,1.694,1.67,0.084,0.083,0.083,1.063,0.973,1.393,1.122,0.083,1.758,1.753,1.806,1.677,0.083,0.082,0.083,0.959,0.962,1.133,1.093,0.087,1.754,1.826,1.794,1.773,0.085,0.083,0.083,0.755,0.839,0.876,0.983,0.086,1.844,1.817,1.833,0.776,0.088,0.083,0.085,0.748,0.977,1.081,1.177,0.088,1.79,1.829,0.322,1.072,0.083,0.082,0.082,1.419,0.876,0.987,0.905,0.085,1.727,1.81,1.77,1.826,0.084,0.082
10:49:10,0.082,0.086,0.082,0.084,0.081,0.081,0.084,0.109,0.105,0.082,0.083,0.084,0.081,0.79,0.827,1.357,0.76,0.086,1.683,1.831,1.751,0.502,0.085,0.082,0.082,0.822,0.991,1.008,1.017,0.087,1.655,1.761,1.712,1.689,0.084,0.083,0.083,1.095,1.009,1.425,1.155,0.083,1.772,1.767,1.819,1.694,0.083,0.082,0.083,0.993,0.995,1.164,1.128,0.087,1.768,1.836,1.806,1.784,0.085,0.083,0.083,0.788,0.871,0.911,1.017,0.086,1.853,1.828,1.842,0.778,0.088,0.083,0.085,0.779,1.011,1.111,1.214,0.087,1.803,1.84,0.322,1.074,0.083,0.082,0.082,1.432,0.939,1.033,0.939,0.085,1.743,1.822,1.785,1.841,0.084,0.082
10:59:10,0.082,0.086,0.082,0.084,0.081,0.081,0.084,0.109,0.104,0.082,0.083,0.084,0.081,0.828,0.859,1.396,0.791,0.086,1.698,1.842,1.765,0.519,0.085,0.082,0.081,0.839,1.026,1.042,1.052,0.086,1.672,1.774,1.726,1.704,0.084,0.083,0.083,1.129,1.041,1.456,1.193,0.083,1.783,1.781,1.831,1.712,0.083,0.082,0.083,1.029,1.03,1.203,1.165,0.087,1.779,1.845,1.817,1.798,0.086,0.083,0.083,0.821,0.908,0.945,1.05,0.086,1.863,1.84,1.851,0.779,0.088,0.083,0.085,0.812,1.048,1.135,1.251,0.088,1.813,1.851,0.321,1.096,0.083,0.082,0.082,1.445,0.972,1.057,0.975,0.085,1.756,1.831,1.797,1.851,0.084,0.082
11:09:10,0.083,0.086,0.082,0.085,0.081,0.081,0.084,0.109,0.104,0.082,0.083,0.083,0.081,0.856,0.886,1.427,0.822,0.086,1.717,1.852,1.776,0.536,0.085,0.082,0.081,0.848,1.075,1.077,1.087,0.086,1.688,1.786,1.739,1.719,0.084,0.083,0.083,1.16,1.076,1.484,1.226,0.083,1.794,1.792,1.842,1.725,0.083,0.083,0.083,1.062,1.065,1.236,1.199,0.087,1.792,1.856,1.827,1.808,0.085,0.083,0.083,0.853,0.941,0.98,1.088,0.087,1.87,1.849,1.86,0.768,0.087,0.083,0.085,0.848,1.089,1.129,1.29,0.087,1.823,1.859,0.321,1.072,0.083,0.082,0.082,1.433,1.013,1.094,1.012,0.085,1.769,1.84,1.808,1.861,0.084,0.082
11:19:10,0.083,0.086,0.082,0.084,0.081,0.081,0.084,0.108,0.106,0.082,0.083,0.083,0.081,0.886,0.917,1.461,0.855,0.086,1.732,1.861,1.786,0.551,0.085,0.083,0.081,0.875,1.114,1.112,1.12,0.087,1.704,1.798,1.754,1.733,0.084,0.083,0.083,1.191,1.107,1.512,1.26,0.083,1.802,1.803,1.852,1.738,0.083,0.083,0.083,1.093,1.098,1.266,1.233,0.087,1.802,1.864,1.837,1.818,0.085,0.083,0.083,0.884,0.973,1.014,1.124,0.087,1.879,1.858,1.869,0.771,0.088,0.083,0.085,0.882,1.121,1.152,1.322,0.088,1.833,1.868,0.315,1.077,0.083,0.082,0.082,1.423,1.035,1.128,1.043,0.085,1.78,1.85,1.818,1.871,0.084,0.082
11:29:10,0.083,0.086,0.082,0.084,0.081,0.081,0.084,0.108,0.109,0.082,0.083,0.083,0.081,0.918,0.945,1.493,0.89,0.086,1.747,1.868,1.797,0.565,0.085,0.083,0.081,0.879,1.158,1.144,1.151,0.086,1.716,1.809,1.766,1.745,0.084,0.083,0.083,1.22,1.141,1.536,1.287,0.083,1.813,1.814,1.862,1.75,0.083,0.082,0.083,1.124,1.13,1.296,1.265,0.087,1.811,1.872,1.846,1.827,0.085,0.083,0.083,0.919,1.007,1.048,1.156,0.086,1.885,1.866,1.876,0.765,0.088,0.084,0.085,0.918,1.157,1.154,1.359,0.088,1.842,1.876,0.316,1.069,0.083,0.082,0.082,1.405,1.082,1.16,1.08,0.085,1.791,1.858,1.828,1.879,0.084,0.082
11:39:10,0.083,0.086,0.082,0.084,0.081,0.081,0.084,0.109,0.104,0.082,0.083,0.083,0.081,0.95,0.979,1.521,0.922,0.086,1.758,1.877,1.806,0.577,0.085,0.083,0.081,0.897,1.2,1.178,1.183,0.086,1.728,1.819,1.776,1.756,0.084,0.083,0.083,1.248,1.17,1.558,1.316,0.083,1.822,1.823,1.868,1.762,0.083,0.083,0.083,1.155,1.162,1.323,1.294,0.087,1.82,1.88,1.855,1.834,0.085,0.083,0.083,0.951,1.038,1.079,1.188,0.087,1.891,1.873,1.883,0.754,0.088,0.083,0.085,0.953,1.192,1.143,1.389,0.088,1.851,1.883,0.314,1.065,0.083,0.082,0.082,1.302,1.101,1.195,1.113,0.085,1.8,1.864,1.835,1.886,0.084,0.082
11:49:10,0.083,0.086,0.082,0.085,0.081,0.081,0.084,0.109,0.104,0.082,0.083,0.083,0.081,0.98,1.008,1.548,0.955,0.086,1.768,1.884,1.814,0.591,0.085,0.083,0.081,0.9,1.242,1.208,1.214,0.086,1.739,1.827,1.786,1.768,0.084,0.083,0.082,1.275,1.2,1.579,1.343,0.083,1.83,1.832,1.877,1.772,0.083,0.083,0.084,1.184,1.192,1.347,1.321,0.087,1.829,1.886,1.863,1.843,0.085,0.083,0.083,0.983,1.071,1.111,1.221,0.087,1.896,1.881,1.888,0.753,0.088,0.083,0.085,0.986,1.224,1.103,1.419,0.088,1.857,1.89,0.313,1.094,0.083,0.082,0.082,1.194,1.089,1.225,1.146,0.085,1.809,1.873,1.844,1.894,0.084,0.082
11:59:10,0.083,0.086,0.082,0.084,0.082,0.081,0.084,0.109,0.104,0.082,0.083,0.083,0.081,1.015,1.042,1.577,0.99,0.086,1.78,1.89,1.821,0.602,0.085,0.083,0.081,0.887,1.278,1.241,1.245,0.086,1.751,1.836,1.795,1.777,0.084,0.083,0.082,1.299,1.231,1.599,1.368,0.083,1.837,1.84,1.884,1.784,0.083,0.083,0.083,1.21,1.22,1.369,1.347,0.087,1.837,1.891,1.871,1.851,0.085,0.084,0.083,1.014,1.101,1.144,1.252,0.086,1.901,1.888,1.895,0.752,0.088,0.083,0.085,1.024,1.258,1.014,1.449,0.088,1.865,1.897,0.317,1.076,0.083,0.082,0.082,1.074,1.157,1.254,1.177,0.085,1.817,1.879,1.851,1.903,0.084,0.082
12:09:10,0.083,0.086,0.082,0.084,0.082,0.081,0.084,0.109,0.104,0.083,0.083,0.083,0.081,1.046,1.069,1.602,1.023,0.086,1.789,1.897,1.828,0.615,0.085,0.082,0.081,0.899,1.312,1.271,1.272,0.086,1.76,1.844,1.804,1.787,0.084,0.083,0.082,1.32,1.258,1.615,1.393,0.083,1.844,1.85,1.891,1.794,0.084,0.083,0.084,1.234,1.244,1.389,1.372,0.087,1.844,1.897,1.877,1.857,0.085,0.084,0.083,1.044,1.133,1.174,1.279,0.086,1.907,1.893,1.9,0.743,0.088,0.084,0.085,1.056,1.286,0.995,1.475,0.088,1.871,1.901,0.316,1.086,0.083,0.082,0.082,0.962,1.124,1.278,1.205,0.085,1.825,1.885,1.862,1.909,0.084,0.082
12:19:10,0.083,0.086,0.082,0.084,0.081,0.081,0.084,0.109,0.109,0.083,0.083,0.083,0.082,1.075,1.103,1.622,1.054,0.086,1.8,1.903,1.836,0.626,0.085,0.082,0.081,0.824,1.337,1.298,1.298,0.086,1.768,1.852,1.811,1.795,0.084,0.083,0.082,1.338,1.283,1.628,1.41,0.083,1.85,1.856,1.897,1.802,0.083,0.083,0.084,1.257,1.267,1.405,1.392,0.087,1.85,1.903,1.883,1.863,0.085,0.083,0.083,1.074,1.161,1.199,1.305,0.086,1.911,1.897,1.906,0.738,0.087,0.083,0.085,1.089,1.314,0.927,1.499,0.088,1.877,1.907,0.317,1.078,0.083,0.082,0.082,1.001,1.105,1.301,1.233,0.085,1.832,1.891,1.866,1.915,0.084,0.082
12:29:10,0.083,0.086,0.082,0.084,0.081,0.081,0.084,0.109,0.104,0.082,0.083,0.083,0.082,1.099,1.131,1.642,1.084,0.086,1.806,1.908,1.841,0.637,0.085,0.082,0.081,0.825,1.36,1.324,1.32,0.087,1.777,1.858,1.82,1.803,0.084,0.083,0.082,1.353,1.304,1.643,1.428,0.083,1.855,1.861,1.902,1.809,0.083,0.083,0.084,1.274,1.288,1.419,1.411,0.087,1.856,1.907,1.889,1.869,0.085,0.083,0.083,1.102,1.187,1.226,1.328,0.086,1.916,1.903,1.91,0.74,0.088,0.083,0.085,1.119,1.34,0.888,1.519,0.088,1.883,1.913,0.315,1.076,0.083,0.082,0.083,1.031,1.081,1.322,1.256,0.085,1.837,1.896,1.87,1.921,0.084,0.082
12:39:10,0.083,0.086,0.082,0.084,0.081,0.081,0.084,0.108,0.11,0.083,0.083,0.083,0.082,1.127,1.153,1.661,1.113,0.086,1.814,1.913,1.848,0.648,0.085,0.082,0.081,0.818,1.385,1.346,1.337,0.087,1.785,1.864,1.826,1.81,0.084,0.083,0.082,1.368,1.322,1.654,1.44,0.083,1.86,1.867,1.909,1.816,0.083,0.083,0.084,1.289,1.303,1.432,1.427,0.087,1.863,1.911,1.894,1.875,0.085,0.083,0.083,1.127,1.209,1.247,1.348,0.086,1.916,1.906,1.915,0.745,0.088,0.083,0.085,1.148,1.363,0.85,1.537,0.088,1.888,1.917,0.316,1.08,0.083,0.082,0.082,1.071,1.027,1.337,1.277,0.085,1.845,1.902,1.877,1.926,0.084,0.082
12:49:10,0.083,0.086,0.082,0.084,0.081,0.081,0.083,0.108,0.107,0.082,0.083,0.083,0.082,1.149,1.184,1.675,1.141,0.086,1.821,1.918,1.853,0.658,0.085,0.082,0.081,0.865,1.401,1.365,1.354,0.086,1.792,1.869,1.832,1.816,0.084,0.083,0.082,1.379,1.339,1.664,1.453,0.083,1.865,1.874,1.913,1.823,0.083,0.083,0.084,1.305,1.316,1.444,1.44,0.087,1.868,1.915,1.898,1.88,0.085,0.083,0.083,1.149,1.228,1.265,1.365,0.087,1.922,1.913,1.918,0.743,0.088,0.083,0.085,1.173,1.384,0.811,1.553,0.088,1.893,1.921,0.311,1.073,0.083,0.082,0.082,1.107,0.936,1.356,1.296,0.085,1.85,1.905,1.885,1.927,0.084,0.083
12:59:10,0.083,0.086,0.082,0.084,0.081,0.081,0.082,0.109,0.106,0.082,0.083,0.083,0.082,1.172,1.202,1.689,1.168,0.086,1.828,1.921,1.857,0.669,0.085,0.082,0.081,0.763,1.419,1.383,1.372,0.087,1.8,1.875,1.839,1.822,0.084,0.083,0.082,1.39,1.356,1.674,1.464,0.083,1.868,1.878,1.919,1.829,0.083,0.083,0.084,1.318,1.329,1.455,1.45,0.087,1.873,1.918,1.903,1.883,0.085,0.083,0.083,1.169,1.247,1.284,1.379,0.086,1.923,1.915,1.922,0.741,0.087,0.083,0.085,1.194,1.401,0.816,1.567,0.088,1.896,1.925,0.313,1.089,0.083,0.082,0.082,1.137,0.919,1.368,1.313,0.085,1.856,1.911,1.891,1.936,0.084,0.082
13:09:10,0.083,0.086,0.082,0.084,0.081,0.082,0.082,0.11,0.109,0.082,0.083,0.083,0.082,1.186,1.225,1.701,1.194,0.086,1.835,1.927,1.862,0.678,0.085,0.082,0.081,0.759,1.432,1.396,1.384,0.086,1.803,1.88,1.845,1.827,0.084,0.083,0.082,1.401,1.367,1.682,1.475,0.083,1.874,1.884,1.922,1.834,0.083,0.083,0.084,1.327,1.339,1.463,1.463,0.087,1.876,1.922,1.907,1.889,0.085,0.083,0.083,1.186,1.259,1.296,1.391,0.087,1.925,1.919,1.925,0.749,0.088,0.083,0.085,1.214,1.417,0.746,1.579,0.088,1.899,1.928,0.309,1.082,0.083,0.082,0.082,1.168,0.999,1.381,1.327,0.085,1.859,1.914,1.893,1.937,0.084,0.082
13:19:10,0.083,0.086,0.082,0.085,0.082,0.081,0.082,0.109,0.109,0.082,0.083,0.083,0.082,1.208,1.247,1.712,1.214,0.086,1.84,1.929,1.864,0.687,0.085,0.082,0.081,0.744,1.446,1.411,1.396,0.087,1.81,1.884,1.849,1.832,0.084,0.083,0.082,1.411,1.38,1.693,1.485,0.083,1.878,1.887,1.927,1.839,0.083,0.083,0.084,1.338,1.352,1.472,1.472,0.087,1.881,1.925,1.911,1.891,0.085,0.083,0.083,1.203,1.273,1.309,1.404,0.086,1.927,1.922,1.927,0.74,0.088,0.083,0.085,1.229,1.43,0.729,1.591,0.088,1.902,1.932,0.309,1.083,0.083,0.082,0.082,1.19,1.03,1.393,1.338,0.085,1.864,1.918,1.897,1.939,0.084,0.082
13:29:10,0.082,0.086,0.082,0.084,0.081,0.081,0.082,0.11,0.107,0.082,0.083,0.083,0.082,1.219,1.27,1.72,1.233,0.086,1.845,1.931,1.867,0.695,0.085,0.082,0.081,0.746,1.459,1.424,1.406,0.086,1.814,1.889,1.853,1.836,0.084,0.083,0.082,1.42,1.392,1.698,1.495,0.083,1.879,1.892,1.929,1.844,0.083,0.083,0.084,1.348,1.362,1.479,1.479,0.087,1.884,1.927,1.914,1.893,0.085,0.083,0.083,1.216,1.284,1.32,1.412,0.087,1.929,1.925,1.93,0.745,0.088,0.083,0.086,1.246,1.443,0.702,1.599,0.088,1.905,1.934,0.308,1.089,0.083,0.083,0.082,1.216,0.994,1.402,1.349,0.085,1.868,1.921,1.9,1.942,0.084,0.082
13:39:10,0.082,0.086,0.082,0.084,0.081,0.081,0.082,0.109,0.104,0.082,0.083,0.083,0.082,1.233,1.282,1.729,1.252,0.086,1.848,1.935,1.87,0.704,0.085,0.082,0.081,0.73,1.47,1.432,1.416,0.086,1.82,1.892,1.857,1.841,0.084,0.083,0.082,1.426,1.4,1.703,1.5,0.083,1.881,1.895,1.933,1.848,0.083,0.083,0.084,1.356,1.37,1.486,1.487,0.087,1.887,1.929,1.917,1.896,0.085,0.083,0.083,1.228,1.296,1.331,1.425,0.086,1.93,1.927,1.932,0.748,0.088,0.084,0.085,1.26,1.454,0.673,1.607,0.088,1.907,1.936,0.305,1.093,0.083,0.082,0.082,1.228,1.013,1.41,1.357,0.085,1.871,1.923,1.907,1.948,0.084,0.082
13:49:10,0.082,0.086,0.082,0.084,0.081,0.081,0.082,0.109,0.104,0.082,0.083,0.083,0.08,1.246,1.294,1.735,1.268,0.086,1.853,1.937,1.872,0.713,0.085,0.082,0.081,0.728,1.479,1.444,1.424,0.086,1.824,1.895,1.861,1.844,0.084,0.083,0.082,1.433,1.409,1.706,1.508,0.083,1.884,1.898,1.936,1.853,0.083,0.083,0.084,1.364,1.377,1.492,1.493,0.087,1.889,1.931,1.92,1.897,0.085,0.083,0.083,1.238,1.306,1.34,1.433,0.087,1.93,1.927,1.933,0.741,0.088,0.084,0.086,1.27,1.464,0.638,1.615,0.087,1.908,1.938,0.311,1.112,0.083,0.083,0.082,1.255,1.048,1.418,1.371,0.085,1.874,1.926,1.908,1.947,0.084,0.082
13:59:10,0.082,0.086,0.082,0.084,0.081,0.082,0.082,0.109,0.108,0.082,0.083,0.083,0.081,1.255,1.309,1.743,1.281,0.086,1.856,1.939,1.874,0.722,0.085,0.082,0.081,0.755,1.49,1.454,1.432,0.086,1.826,1.898,1.864,1.846,0.084,0.083,0.082,1.437,1.416,1.71,1.515,0.083,1.884,1.901,1.938,1.854,0.083,0.083,0.084,1.371,1.385,1.495,1.495,0.087,1.89,1.932,1.922,1.899,0.085,0.083,0.083,1.248,1.315,1.349,1.442,0.086,1.93,1.928,1.934,0.744,0.088,0.084,0.086,1.281,1.472,0.609,1.622,0.088,1.909,1.94,0.311,1.13,0.083,0.082,0.082,1.275,1.005,1.425,1.38,0.085,1.878,1.928,1.911,1.951,0.084,0.082
14:09:10,0.083,0.086,0.082,0.084,0.081,0.082,0.082,0.11,0.107,0.082,0.083,0.083,0.081,1.268,1.321,1.749,1.292,0.086,1.858,1.94,1.875,0.73,0.085,0.082,0.081,0.751,1.497,1.459,1.44,0.086,1.828,1.901,1.867,1.847,0.084,0.083,0.082,1.441,1.423,1.713,1.517,0.083,1.885,1.904,1.94,1.858,0.083,0.083,0.084,1.377,1.39,1.498,1.501,0.087,1.891,1.932,1.924,1.9,0.085,0.083,0.083,1.258,1.32,1.356,1.446,0.086,1.929,1.929,1.934,0.744,0.088,0.084,0.086,1.292,1.48,0.589,1.628,0.088,1.91,1.94,0.311,1.105,0.083,0.083,0.082,1.291,1.039,1.434,1.386,0.085,1.879,1.928,1.911,1.952,0.084,0.082
14:19:10,0.082,0.086,0.082,0.084,0.081,0.082,0.082,0.109,0.109,0.082,0.083,0.083,0.081,1.274,1.331,1.754,1.306,0.086,1.861,1.94,1.876,0.738,0.085,0.082,0.081,0.734,1.505,1.469,1.446,0.086,1.83,1.902,1.868,1.85,0.084,0.083,0.082,1.446,1.428,1.716,1.518,0.083,1.884,1.904,1.942,1.86,0.083,0.083,0.084,1.379,1.393,1.5,1.502,0.087,1.893,1.933,1.924,1.901,0.085,0.083,0.083,1.265,1.329,1.363,1.454,0.087,1.93,1.929,1.934,0.751,0.088,0.084,0.086,1.302,1.488,0.567,1.632,0.088,1.91,1.94,0.31,1.123,0.083,0.082,0.082,1.298,1.036,1.438,1.393,0.085,1.88,1.929,1.915,1.954,0.084,0.081
14:29:10,0.083,0.086,0.082,0.084,0.081,0.082,0.082,0.109,0.109,0.082,0.083,0.083,0.081,1.283,1.342,1.758,1.313,0.086,1.862,1.941,1.876,0.744,0.085,0.082,0.081,0.736,1.512,1.475,1.451,0.086,1.834,1.904,1.869,1.85,0.084,0.083,0.082,1.447,1.435,1.717,1.521,0.083,1.886,1.907,1.942,1.863,0.083,0.083,0.084,1.383,1.396,1.502,1.504,0.087,1.894,1.933,1.925,1.901,0.085,0.083,0.083,1.272,1.334,1.367,1.458,0.086,1.929,1.929,1.935,0.748,0.088,0.084,0.086,1.311,1.492,0.544,1.636,0.088,1.91,1.941,0.313,1.136,0.083,0.083,0.082,1.314,1.008,1.441,1.396,0.085,1.882,1.928,1.915,1.954,0.084,0.082
14:39:10,0.082,0.086,0.082,0.084,0.081,0.082,0.082,0.109,0.108,0.082,0.083,0.083,0.08,1.29,1.351,1.761,1.319,0.086,1.864,1.941,1.876,0.75,0.085,0.082,0.081,0.75,1.516,1.479,1.455,0.086,1.834,1.904,1.87,1.851,0.084,0.083,0.082,1.448,1.437,1.717,1.525,0.083,1.885,1.907,1.942,1.863,0.083,0.083,0.084,1.383,1.398,1.503,1.505,0.087,1.893,1.933,1.925,1.901,0.085,0.083,0.083,1.276,1.339,1.37,1.462,0.086,1.929,1.929,1.935,0.747,0.088,0.084,0.086,1.318,1.496,0.537,1.638,0.088,1.91,1.941,0.31,1.141,0.083,0.083,0.082,1.322,0.995,1.444,1.399,0.085,1.882,1.93,1.913,1.953,0.084,0.082
14:49:10,0.082,0.086,0.082,0.084,0.081,0.082,0.082,0.109,0.11,0.082,0.084,0.083,0.081,1.297,1.359,1.766,1.333,0.086,1.865,1.941,1.876,0.757,0.085,0.082,0.081,0.752,1.518,1.484,1.458,0.086,1.835,1.904,1.871,1.851,0.084,0.083,0.082,1.449,1.441,1.719,1.523,0.083,1.885,1.908,1.945,1.864,0.083,0.083,0.084,1.383,1.4,1.504,1.506,0.087,1.893,1.933,1.926,1.901,0.085,0.083,0.083,1.28,1.343,1.372,1.463,0.086,1.929,1.929,1.935,0.733,0.088,0.084,0.086,1.326,1.5,0.534,1.641,0.088,1.909,1.942,0.309,1.143,0.083,0.083,0.083,1.33,1.021,1.446,1.403,0.085,1.883,1.93,1.915,1.956,0.084,0.082
14:59:10,0.082,0.086,0.082,0.084,0.081,0.082,0.082,0.109,0.11,0.082,0.083,0.083,0.08,1.299,1.366,1.767,1.342,0.085,1.863,1.941,1.874,0.765,0.084,0.082,0.081,0.746,1.52,1.485,1.461,0.086,1.835,1.905,1.871,1.851,0.084,0.083,0.082,1.452,1.442,1.719,1.526,0.083,1.884,1.907,1.944,1.864,0.083,0.083,0.084,1.385,1.399,1.505,1.504,0.087,1.893,1.933,1.926,1.901,0.085,0.083,0.083,1.284,1.344,1.372,1.464,0.086,1.928,1.927,1.934,0.744,0.088,0.084,0.086,1.328,1.503,0.521,1.642,0.088,1.908,1.941,0.312,1.16,0.083,0.083,0.083,1.341,0.987,1.447,1.405,0.085,1.884,1.929,1.914,1.955,0.084,0.082
15:09:10,0.082,0.086,0.082,0.084,0.081,0.082,0.082,0.109,0.11,0.082,0.084,0.083,0.081,1.306,1.372,1.769,1.347,0.086,1.865,1.942,1.876,0.77,0.085,0.082,0.081,0.744,1.522,1.488,1.462,0.086,1.836,1.904,1.871,1.851,0.084,0.083,0.082,1.452,1.444,1.72,1.528,0.083,1.885,1.909,1.945,1.865,0.083,0.083,0.083,1.385,1.4,1.505,1.506,0.087,1.894,1.933,1.926,1.9,0.085,0.083,0.083,1.285,1.347,1.374,1.466,0.087,1.928,1.927,1.933,0.739,0.088,0.084,0.086,1.333,1.506,0.512,1.643,0.088,1.908,1.941,0.314,1.187,0.083,0.083,0.083,1.352,0.995,1.45,1.407,0.085,1.884,1.929,1.916,1.955,0.084,0.082
15:19:10,0.082,0.086,0.082,0.084,0.081,0.082,0.082,0.109,0.109,0.082,0.084,0.083,0.081,1.307,1.376,1.77,1.352,0.086,1.865,1.941,1.874,0.775,0.085,0.082,0.081,0.741,1.526,1.491,1.463,0.086,1.835,1.905,1.871,1.85,0.084,0.083,0.082,1.453,1.444,1.72,1.528,0.083,1.884,1.908,1.945,1.865,0.083,0.083,0.083,1.386,1.402,1.506,1.507,0.087,1.893,1.933,1.926,1.899,0.085,0.083,0.083,1.287,1.347,1.375,1.468,0.086,1.927,1.927,1.934,0.74,0.088,0.084,0.086,1.335,1.507,0.518,1.643,0.088,1.908,1.94,0.314,1.165,0.083,0.083,0.083,1.362,0.997,1.45,1.408,0.085,1.884,1.928,1.913,1.957,0.084,0.082
15:29:10,0.082,0.086,0.082,0.084,0.081,0.082,0.082,0.11,0.109,0.082,0.084,0.083,0.08,1.314,1.38,1.771,1.356,0.086,1.866,1.94,1.874,0.78,0.085,0.082,0.081,0.753,1.526,1.492,1.464,0.086,1.834,1.905,1.871,1.85,0.084,0.083,0.082,1.453,1.447,1.721,1.531,0.083,1.883,1.909,1.943,1.863,0.083,0.083,0.083,1.386,1.4,1.506,1.507,0.087,1.892,1.933,1.925,1.9,0.085,0.083,0.084,1.288,1.347,1.375,1.467,0.086,1.927,1.927,1.933,0.741,0.087,0.084,0.086,1.337,1.507,0.495,1.644,0.088,1.907,1.94,0.318,1.169,0.083,0.083,0.083,1.36,0.986,1.452,1.408,0.085,1.884,1.928,1.914,1.954,0.084,0.082
15:39:10,0.082,0.086,0.082,0.085,0.081,0.082,0.082,0.11,0.11,0.082,0.084,0.083,0.081,1.316,1.386,1.77,1.356,0.086,1.865,1.94,1.874,0.785,0.085,0.082,0.081,0.752,1.53,1.493,1.466,0.086,1.833,1.904,1.871,1.849,0.084,0.083,0.083,1.454,1.446,1.721,1.53,0.083,1.885,1.907,1.945,1.864,0.083,0.083,0.083,1.387,1.402,1.506,1.506,0.087,1.893,1.932,1.924,1.9,0.085,0.083,0.084,1.288,1.348,1.374,1.47,0.086,1.927,1.926,1.933,0.747,0.088,0.084,0.086,1.337,1.508,0.49,1.645,0.088,1.907,1.94,0.32,1.187,0.083,0.083,0.083,1.365,0.972,1.453,1.409,0.085,1.884,1.928,1.914,1.954,0.084,0.082
15:49:10,0.082,0.086,0.082,0.084,0.081,0.082,0.082,0.109,0.11,0.082,0.084,0.083,0.081,1.319,1.385,1.771,1.361,0.086,1.862,1.941,1.874,0.79,0.085,0.082,0.081,0.746,1.533,1.494,1.468,0.086,1.833,1.904,1.87,1.848,0.084,0.083,0.083,1.455,1.448,1.722,1.53,0.083,1.882,1.907,1.944,1.864,0.083,0.083,0.083,1.386,1.401,1.507,1.508,0.087,1.893,1.933,1.924,1.898,0.085,0.084,0.083,1.29,1.35,1.375,1.469,0.086,1.926,1.926,1.933,0.742,0.088,0.084,0.086,1.34,1.51,0.484,1.645,0.088,1.907,1.94,0.323,1.2,0.083,0.083,0.083,1.36,0.978,1.453,1.409,0.085,1.884,1.928,1.914,1.954,0.084,0.082
15:59:10,0.082,0.086,0.082,0.084,0.081,0.082,0.082,0.11,0.109,0.082,0.083,0.083,0.081,1.319,1.387,1.774,1.363,0.085,1.863,1.94,1.873,0.795,0.085,0.082,0.081,0.753,1.531,1.496,1.469,0.086,1.834,1.903,1.869,1.849,0.084,0.083,0.083,1.455,1.448,1.724,1.531,0.083,1.884,1.906,1.943,1.863,0.083,0.083,0.083,1.386,1.402,1.507,1.509,0.087,1.892,1.933,1.925,1.899,0.085,0.083,0.083,1.291,1.349,1.375,1.47,0.087,1.925,1.924,1.932,0.746,0.088,0.084,0.086,1.341,1.509,0.48,1.645,0.088,1.906,1.94,0.326,1.198,0.083,0.083,0.082,1.371,0.978,1.452,1.409,0.085,1.884,1.927,1.912,1.955,0.084,0.082
16:09:10,0.082,0.086,0.082,0.084,0.081,0.082,0.082,0.109,0.11,0.082,0.083,0.083,0.081,1.32,1.389,1.775,1.362,0.086,1.863,1.94,1.873,0.799,0.085,0.082,0.081,0.745,1.532,1.497,1.47,0.086,1.833,1.903,1.87,1.848,0.084,0.083,0.083,1.456,1.449,1.725,1.532,0.083,1.882,1.907,1.943,1.862,0.083,0.083,0.083,1.385,1.401,1.507,1.508,0.087,1.891,1.931,1.924,1.898,0.085,0.083,0.083,1.292,1.349,1.376,1.469,0.086,1.925,1.924,1.931,0.742,0.088,0.084,0.086,1.341,1.51,0.48,1.646,0.088,1.906,1.939,0.331,1.218,0.083,0.083,0.082,1.378,0.972,1.452,1.409,0.085,1.885,1.926,1.915,1.952,0.084,0.082
16:19:10,0.082,0.086,0.082,0.084,0.081,0.082,0.082,0.109,0.109,0.082,0.082,0.083,0.081,1.329,1.394,1.776,1.364,0.086,1.862,1.939,1.872,0.802,0.085,0.082,0.081,0.742,1.534,1.497,1.471,0.086,1.833,1.903,1.869,1.847,0.084,0.083,0.083,1.456,1.45,1.726,1.532,0.083,1.881,1.907,1.943,1.861,0.083,0.083,0.083,1.385,1.403,1.508,1.508,0.087,1.89,1.931,1.923,1.898,0.085,0.083,0.084,1.293,1.351,1.375,1.469,0.086,1.924,1.922,1.932,0.745,0.088,0.084,0.086,1.341,1.508,0.47,1.647,0.088,1.905,1.939,0.336,1.231,0.083,0.083,0.082,1.38,0.958,1.453,1.408,0.085,1.884,1.925,1.914,1.953,0.084,0.082
16:29:10,0.082,0.086,0.083,0.084,0.081,0.082,0.082,0.109,0.109,0.082,0.082,0.083,0.081,1.329,1.395,1.776,1.362,0.086,1.862,1.939,1.873,0.808,0.085,0.082,0.081,0.737,1.535,1.496,1.471,0.086,1.833,1.903,1.868,1.846,0.084,0.083,0.083,1.456,1.448,1.728,1.533,0.083,1.881,1.906,1.942,1.862,0.083,0.083,0.083,1.385,1.402,1.51,1.51,0.087,1.889,1.93,1.923,1.896,0.085,0.083,0.083,1.292,1.35,1.375,1.471,0.086,1.925,1.923,1.93,0.75,0.088,0.084,0.086,1.341,1.511,0.467,1.647,0.088,1.904,1.938,0.337,1.237,0.083,0.083,0.082,1.378,0.951,1.453,1.407,0.085,1.884,1.926,1.912,1.95,0.084,0.082
16:39:10,0.082,0.086,0.083,0.084,0.081,0.082,0.082,0.11,0.105,0.082,0.082,0.083,0.081,1.331,1.395,1.777,1.363,0.086,1.862,1.939,1.872,0.811,0.085,0.082,0.081,0.733,1.534,1.496,1.474,0.087,1.832,1.902,1.867,1.845,0.084,0.083,0.083,1.457,1.448,1.728,1.533,0.083,1.882,1.903,1.943,1.861,0.083,0.083,0.083,1.386,1.403,1.51,1.509,0.087,1.891,1.931,1.922,1.896,0.085,0.083,0.084,1.292,1.349,1.375,1.47,0.086,1.924,1.922,1.93,0.749,0.088,0.084,0.086,1.34,1.51,0.462,1.648,0.087,1.904,1.938,0.339,1.261,0.083,0.083,0.082,1.383,0.954,1.453,1.408,0.085,1.883,1.924,1.91,1.953,0.084,0.082
16:49:10,0.082,0.086,0.082,0.084,0.081,0.082,0.082,0.11,0.109,0.082,0.082,0.083,0.081,1.33,1.399,1.778,1.364,0.086,1.862,1.938,1.871,0.814,0.085,0.082,0.081,0.735,1.535,1.495,1.472,0.086,1.831,1.902,1.867,1.845,0.084,0.083,0.083,1.457,1.448,1.73,1.536,0.083,1.881,1.904,1.942,1.861,0.083,0.083,0.083,1.386,1.402,1.511,1.51,0.087,1.89,1.931,1.921,1.896,0.085,0.083,0.083,1.293,1.349,1.377,1.47,0.086,1.923,1.922,1.93,0.748,0.088,0.084,0.086,1.342,1.511,0.455,1.649,0.088,1.903,1.937,0.344,1.283,0.083,0.083,0.082,1.383,0.869,1.454,1.409,0.085,1.884,1.924,1.91,1.951,0.084,0.082
16:59:10,0.082,0.086,0.083,0.084,0.081,0.083,0.082,0.109,0.104,0.082,0.082,0.083,0.081,1.332,1.396,1.779,1.364,0.086,1.86,1.938,1.87,0.817,0.085,0.082,0.081,0.731,1.534,1.495,1.473,0.086,1.829,1.901,1.867,1.844,0.084,0.083,0.083,1.458,1.45,1.73,1.534,0.083,1.879,1.903,1.942,1.859,0.083,0.083,0.083,1.388,1.403,1.512,1.513,0.087,1.889,1.929,1.921,1.895,0.085,0.083,0.083,1.292,1.348,1.375,1.472,0.086,1.923,1.921,1.929,0.744,0.088,0.084,0.085,1.343,1.511,0.451,1.65,0.088,1.903,1.937,0.348,1.272,0.083,0.083,0.083,1.387,0.862,1.454,1.409,0.085,1.884,1.925,1.91,1.953,0.084,0.082
17:09:10,0.082,0.086,0.082,0.084,0.081,0.083,0.082,0.11,0.104,0.082,0.082,0.083,0.081,1.328,1.394,1.781,1.364,0.086,1.86,1.936,1.87,0.821,0.085,0.082,0.081,0.732,1.535,1.496,1.474,0.086,1.829,1.901,1.867,1.844,0.084,0.083,0.083,1.458,1.451,1.732,1.537,0.083,1.881,1.903,1.942,1.858,0.083,0.083,0.083,1.388,1.404,1.512,1.514,0.087,1.888,1.929,1.921,1.895,0.085,0.084,0.083,1.292,1.35,1.376,1.472,0.086,1.922,1.921,1.928,0.745,0.088,0.084,0.085,1.342,1.511,0.447,1.65,0.087,1.902,1.937,0.353,1.281,0.083,0.083,0.082,1.386,0.874,1.455,1.41,0.085,1.883,1.923,1.909,1.952,0.084,0.082
17:19:10,0.082,0.086,0.083,0.084,0.081,0.082,0.082,0.11,0.104,0.083,0.082,0.083,0.081,1.33,1.393,1.782,1.363,0.085,1.859,1.936,1.869,0.824,0.085,0.082,0.081,0.714,1.535,1.498,1.474,0.086,1.828,1.9,1.865,1.843,0.084,0.083,0.083,1.459,1.451,1.733,1.537,0.083,1.88,1.902,1.941,1.858,0.083,0.083,0.083,1.39,1.405,1.514,1.514,0.087,1.889,1.93,1.92,1.894,0.085,0.083,0.083,1.293,1.35,1.377,1.473,0.086,1.92,1.92,1.928,0.743,0.088,0.084,0.085,1.341,1.511,0.443,1.651,0.087,1.902,1.936,0.356,1.286,0.083,0.083,0.082,1.394,0.848,1.456,1.41,0.085,1.883,1.922,1.91,1.948,0.084,0.082
17:29:10,0.082,0.086,0.082,0.084,0.081,0.082,0.082,0.11,0.104,0.082,0.082,0.083,0.081,1.331,1.396,1.782,1.364,0.086,1.858,1.936,1.868,0.826,0.085,0.082,0.081,0.71,1.538,1.498,1.476,0.086,1.829,1.9,1.865,1.842,0.084,0.083,0.083,1.462,1.452,1.734,1.539,0.083,1.878,1.902,1.94,1.857,0.083,0.083,0.083,1.391,1.405,1.516,1.515,0.087,1.887,1.927,1.919,1.893,0.085,0.083,0.083,1.292,1.351,1.377,1.472,0.086,1.92,1.919,1.927,0.741,0.088,0.084,0.085,1.343,1.513,0.436,1.652,0.088,1.901,1.935,0.36,1.278,0.083,0.083,0.082,1.397,0.848,1.457,1.411,0.085,1.883,1.922,1.906,1.95,0.084,0.082
17:39:10,0.082,0.086,0.081,0.084,0.081,0.082,0.082,0.11,0.104,0.082,0.082,0.083,0.081,1.328,1.397,1.785,1.363,0.085,1.856,1.935,1.868,0.829,0.085,0.082,0.082,0.708,1.539,1.497,1.477,0.087,1.828,1.899,1.863,1.842,0.084,0.083,0.083,1.462,1.451,1.736,1.541,0.083,1.877,1.901,1.939,1.856,0.083,0.083,0.083,1.392,1.407,1.516,1.516,0.087,1.887,1.928,1.919,1.893,0.085,0.083,0.082,1.292,1.351,1.379,1.472,0.086,1.921,1.918,1.927,0.742,0.088,0.084,0.085,1.342,1.514,0.434,1.654,0.087,1.9,1.935,0.361,1.242,0.083,0.083,0.082,1.386,0.836,1.458,1.412,0.085,1.884,1.922,1.909,1.948,0.084,0.082
17:49:10,0.082,0.086,0.082,0.084,0.081,0.082,0.082,0.11,0.104,0.082,0.082,0.083,0.081,1.332,1.397,1.784,1.363,0.086,1.856,1.934,1.867,0.832,0.085,0.082,0.082,0.703,1.539,1.499,1.478,0.086,1.827,1.898,1.863,1.841,0.084,0.083,0.083,1.464,1.453,1.737,1.539,0.083,1.876,1.901,1.939,1.857,0.083,0.083,0.083,1.392,1.408,1.517,1.519,0.087,1.885,1.928,1.918,1.892,0.085,0.083,0.083,1.292,1.351,1.379,1.475,0.087,1.921,1.918,1.926,0.738,0.088,0.084,0.085,1.343,1.515,0.433,1.654,0.087,1.9,1.935,0.365,1.202,0.083,0.083,0.082,1.387,0.828,1.459,1.413,0.085,1.881,1.921,1.91,1.95,0.084,0.082
17:59:10,0.082,0.086,0.082,0.084,0.081,0.083,0.082,0.11,0.104,0.082,0.083,0.083,0.081,1.332,1.398,1.786,1.363,0.086,1.856,1.934,1.866,0.834,0.084,0.082,0.081,0.7,1.539,1.501,1.479,0.086,1.825,1.898,1.863,1.84,0.084,0.083,0.083,1.464,1.452,1.738,1.541,0.083,1.877,1.899,1.939,1.856,0.083,0.083,0.083,1.392,1.41,1.518,1.522,0.087,1.886,1.927,1.917,1.891,0.085,0.083,0.083,1.293,1.352,1.38,1.476,0.086,1.92,1.917,1.925,0.733,0.088,0.084,0.085,1.343,1.514,0.427,1.656,0.088,1.899,1.934,0.37,1.134,0.083,0.083,0.082,1.391,0.825,1.46,1.415,0.085,1.88,1.92,1.909,1.948,0.084,0.082
18:09:10,0.082,0.086,0.082,0.084,0.081,0.083,0.082,0.11,0.105,0.083,0.082,0.083,0.081,1.333,1.396,1.788,1.364,0.086,1.854,1.934,1.866,0.835,0.085,0.082,0.082,0.697,1.54,1.503,1.479,0.086,1.826,1.898,1.861,1.84,0.084,0.083,0.082,1.466,1.454,1.74,1.543,0.083,1.877,1.898,1.938,1.856,0.083,0.083,0.083,1.395,1.411,1.52,1.522,0.087,1.886,1.927,1.917,1.89,0.085,0.083,0.083,1.295,1.353,1.381,1.475,0.086,1.92,1.916,1.924,0.727,0.088,0.084,0.085,1.343,1.515,0.426,1.657,0.088,1.899,1.933,0.374,1.079,0.083,0.083,0.082,1.399,0.801,1.46,1.415,0.085,1.879,1.92,1.909,1.947,0.084,0.082
